"State","County","Year","Days with AQI","Good Days","Moderate Days","Unhealthy for Sensitive Groups Days","Unhealthy Days","Very Unhealthy Days","Hazardous Days","Max AQI","90th Percentile AQI","Median AQI","Days CO","Days NO2","Days Ozone","Days SO2","Days PM2.5","Days PM10"
"Alabama","Baldwin",2016,279,247,32,0,0,0,0,87,51,37,0,0,219,0,60,0
"Alabama","Clay",2016,116,109,7,0,0,0,0,56,45,30,0,0,0,0,116,0
"Alabama","Colbert",2016,282,258,23,1,0,0,0,115,50,38,0,0,214,0,68,0
"Alabama","DeKalb",2016,348,304,43,1,0,0,0,119,54,40,0,0,319,0,29,0
"Alabama","Elmore",2016,117,107,10,0,0,0,0,77,48,40,0,0,117,0,0,0
"Alabama","Etowah",2016,352,162,184,3,3,0,0,179,67,52,0,0,101,0,251,0
"Alabama","Houston",2016,280,265,15,0,0,0,0,97,48,35,0,0,213,0,67,0
"Alabama","Jefferson",2016,366,190,166,8,1,1,0,271,77,50,0,11,142,1,209,3
"Alabama","Lawrence",2016,48,47,1,0,0,0,0,58,37,21,0,0,0,0,48,0
"Alabama","Madison",2016,337,284,52,1,0,0,0,122,55,40,0,0,233,0,47,57
"Alabama","Mobile",2016,366,277,87,2,0,0,0,139,58,41,0,0,124,9,233,0
"Alabama","Montgomery",2016,363,285,76,1,1,0,0,170,58,42,0,0,161,0,202,0
"Alabama","Morgan",2016,365,304,59,2,0,0,0,107,55,40,0,0,205,0,160,0
"Alabama","Russell",2016,257,192,65,0,0,0,0,100,61,43,0,0,173,0,84,0
"Alabama","Shelby",2016,244,205,35,4,0,0,0,133,61,41,0,0,244,0,0,0
"Alabama","Sumter",2016,336,315,21,0,0,0,0,70,47,34,0,0,183,0,153,0
"Alabama","Talladega",2016,117,99,18,0,0,0,0,79,52,35,0,0,0,0,117,0
"Alabama","Tuscaloosa",2016,365,224,141,0,0,0,0,100,59,47,0,0,90,0,275,0
"Alaska","Aleutians East ",2016,48,48,0,0,0,0,0,26,17,8,0,0,0,0,48,0
"Alaska","Anchorage ",2016,361,288,73,0,0,0,0,90,59,31,0,0,0,0,225,136
"Alaska","Denali ",2016,356,355,1,0,0,0,0,54,41,33,0,0,356,0,0,0
"Alaska","Fairbanks North Star ",2016,366,213,94,35,24,0,0,180,126,37,0,3,133,1,212,17
"Alaska","Juneau ",2016,305,255,50,0,0,0,0,89,58,20,0,0,0,0,297,8
"Alaska","Kenai Peninsula ",2016,51,51,0,0,0,0,0,22,13,5,0,0,0,0,51,0
"Alaska","Matanuska-Susitna ",2016,366,298,64,4,0,0,0,128,61,33,0,0,244,0,92,30
"Arizona","Apache",2016,366,364,2,0,0,0,0,54,24,13,0,0,0,0,24,342
"Arizona","Cochise",2016,366,281,83,2,0,0,0,141,61,44,0,0,319,0,3,44
"Arizona","Coconino",2016,366,303,63,0,0,0,0,97,58,44,0,0,366,0,0,0
"Arizona","Gila",2016,366,83,136,120,27,0,0,200,138,85,0,0,79,263,0,24
"Arizona","La Paz",2016,365,294,70,1,0,0,0,101,67,41,0,0,289,3,37,36
"Arizona","Maricopa",2016,366,59,270,36,0,1,0,203,101,64,0,30,184,0,79,73
"Arizona","Mohave",2016,357,338,19,0,0,0,0,83,38,18,0,0,0,0,23,334
"Arizona","Navajo",2016,366,301,65,0,0,0,0,90,54,43,0,0,352,0,0,14
"Arizona","Pima",2016,366,201,161,4,0,0,0,119,74,49,0,0,240,0,15,111
"Arizona","Pinal",2016,366,76,237,46,5,1,0,1263,108,69,0,0,102,0,37,227
"Arizona","Santa Cruz",2016,363,260,102,0,1,0,0,191,62,38,0,0,0,0,212,151
"Arizona","Yavapai",2016,344,295,49,0,0,0,0,90,54,41,0,0,344,0,0,0
"Arizona","Yuma",2016,366,228,124,12,1,0,1,419,77,46,0,0,203,0,45,118
"Arkansas","Arkansas",2016,119,100,19,0,0,0,0,70,54,33,0,0,0,0,119,0
"Arkansas","Ashley",2016,118,102,16,0,0,0,0,68,52,34,0,0,0,0,118,0
"Arkansas","Clark",2016,355,351,4,0,0,0,0,54,45,34,0,0,355,0,0,0
"Arkansas","Crittenden",2016,366,314,49,2,1,0,0,159,54,39,0,17,303,0,46,0
"Arkansas","Garland",2016,119,97,22,0,0,0,0,67,53,36,0,0,0,0,119,0
"Arkansas","Jackson",2016,115,94,21,0,0,0,0,76,57,30,0,0,0,0,115,0
"Arkansas","Newton",2016,365,353,12,0,0,0,0,90,46,36,0,0,363,0,2,0
"Arkansas","Polk",2016,365,318,47,0,0,0,0,87,52,40,0,0,324,0,41,0
"Arkansas","Pulaski",2016,366,257,109,0,0,0,0,100,60,44,0,4,163,0,199,0
"Arkansas","Union",2016,366,341,24,0,1,0,0,158,46,4,0,0,0,246,120,0
"Arkansas","Washington",2016,366,338,28,0,0,0,0,77,49,38,0,0,323,0,43,0
"California","Alameda",2016,366,239,112,13,2,0,0,154,74,44,0,9,207,0,150,0
"California","Alpine",2016,24,22,2,0,0,0,0,65,47,22,0,0,0,0,24,0
"California","Amador",2016,366,304,57,5,0,0,0,115,64,37,0,0,366,0,0,0
"California","Butte",2016,366,169,181,16,0,0,0,127,86,52,0,0,193,0,173,0
"California","Calaveras",2016,366,232,112,22,0,0,0,150,87,44,0,0,276,0,89,1
"California","Colusa",2016,366,271,95,0,0,0,0,94,64,43,0,0,243,0,103,20
"California","Contra Costa",2016,366,287,76,3,0,0,0,143,59,40,0,0,219,0,147,0
"California","Del Norte",2016,49,49,0,0,0,0,0,36,31,13,0,0,0,0,49,0
"California","El Dorado",2016,366,222,101,31,12,0,0,172,105,45,0,0,365,0,1,0
"California","Fresno",2016,366,92,169,80,25,0,0,190,140,74,0,1,211,0,139,15
"California","Glenn",2016,362,259,103,0,0,0,0,91,61,43,0,0,196,0,158,8
"California","Humboldt",2016,366,357,9,0,0,0,0,68,41,32,0,1,312,0,34,19
"California","Imperial",2016,366,105,219,38,4,0,0,166,105,60,0,2,142,0,100,122
"California","Inyo",2016,366,244,99,15,4,1,3,426,87,44,0,0,310,0,18,38
"California","Kern",2016,366,70,180,102,14,0,0,169,136,80,0,0,231,0,128,7
"California","Kings",2016,366,85,207,71,3,0,0,156,115,70,0,0,182,0,135,49
"California","Lake",2016,364,357,7,0,0,0,0,74,44,33,0,0,362,0,2,0
"California","Los Angeles",2016,366,32,230,81,20,3,0,210,134,75,0,32,172,0,160,2
"California","Madera",2016,366,123,193,47,3,0,0,156,105,59,0,0,212,0,139,15
"California","Marin",2016,366,339,27,0,0,0,0,90,47,32,0,11,217,0,138,0
"California","Mariposa",2016,366,219,127,19,1,0,0,159,93,46,0,0,268,0,84,14
"California","Mendocino",2016,364,334,30,0,0,0,0,66,45,33,0,0,181,0,181,2
"California","Merced",2016,366,158,173,33,2,0,0,151,100,53,0,0,222,0,142,2
"California","Mono",2016,366,314,19,3,6,0,3,6403,62,17,0,0,0,0,6,360
"California","Monterey",2016,366,325,30,3,8,0,0,176,52,36,0,0,248,0,73,45
"California","Napa",2016,366,296,70,0,0,0,0,90,56,37,0,1,160,0,204,1
"California","Nevada",2016,366,235,86,40,5,0,0,179,101,44,0,0,358,0,8,0
"California","Orange",2016,366,150,201,13,2,0,0,169,87,54,0,26,169,0,170,1
"California","Placer",2016,366,205,126,30,5,0,0,185,97,48,0,0,286,0,80,0
"California","Plumas",2016,355,250,94,10,1,0,0,152,73,32,0,0,0,0,355,0
"California","Riverside",2016,366,44,193,86,37,4,2,389,154,82,0,0,204,0,104,58
"California","Sacramento",2016,366,187,138,34,7,0,0,172,101,49,0,1,220,0,145,0
"California","San Benito",2016,366,305,56,5,0,0,0,126,61,38,0,0,352,0,14,0
"California","San Bernardino",2016,366,28,200,78,48,12,0,217,172,83,0,32,205,0,120,9
"California","San Diego",2016,366,69,255,40,2,0,0,164,105,66,0,4,220,0,142,0
"California","San Francisco",2016,365,310,55,0,0,0,0,67,53,36,0,43,151,0,171,0
"California","San Joaquin",2016,366,138,202,25,1,0,0,166,93,55,0,1,140,0,221,4
"California","San Luis Obispo",2016,366,177,180,8,1,0,0,156,84,51,0,0,247,0,85,34
"California","San Mateo",2016,365,302,63,0,0,0,0,67,54,37,0,22,117,0,226,0
"California","Santa Barbara",2016,366,264,90,9,2,0,1,315,67,44,0,0,250,0,79,37
"California","Santa Clara",2016,366,272,93,1,0,0,0,101,61,40,0,14,179,0,173,0
"California","Santa Cruz",2016,366,347,19,0,0,0,0,72,45,32,0,0,245,0,121,0
"California","Shasta",2016,366,298,54,14,0,0,0,140,74,41,0,0,362,0,4,0
"California","Siskiyou",2016,362,357,5,0,0,0,0,93,43,27,0,0,344,0,18,0
"California","Solano",2016,366,278,86,2,0,0,0,105,62,40,0,3,204,0,159,0
"California","Sonoma",2016,366,348,18,0,0,0,0,87,44,32,0,0,294,0,69,3
"California","Stanislaus",2016,366,147,176,40,3,0,0,164,103,55,0,0,196,0,164,6
"California","Sutter",2016,366,166,168,32,0,0,0,147,97,53,0,0,200,0,166,0
"California","Tehama",2016,366,226,98,37,5,0,0,174,108,44,0,0,322,0,43,1
"California","Trinity",2016,167,116,51,0,0,0,0,96,70,38,0,0,0,0,167,0
"California","Tulare",2016,366,80,162,102,22,0,0,177,145,77,0,0,221,0,138,7
"California","Tuolumne",2016,354,223,86,38,7,0,0,164,108,44,0,0,354,0,0,0
"California","Ventura",2016,366,173,184,9,0,0,0,147,84,51,0,0,226,0,133,7
"California","Yolo",2016,366,293,69,4,0,0,0,115,61,40,0,1,272,0,92,1
"Colorado","Adams",2016,366,263,102,1,0,0,0,105,64,44,0,86,183,2,57,38
"Colorado","Alamosa",2016,357,351,4,1,0,1,0,271,31,18,0,0,0,0,2,355
"Colorado","Arapahoe",2016,366,267,93,6,0,0,0,119,71,44,0,0,357,0,9,0
"Colorado","Archuleta",2016,347,343,4,0,0,0,0,82,31,17,0,0,0,0,0,347
"Colorado","Boulder",2016,204,190,14,0,0,0,0,97,48,35,0,0,106,0,82,16
"Colorado","Clear Creek",2016,241,199,41,1,0,0,0,108,54,46,0,0,241,0,0,0
"Colorado","Delta",2016,119,117,2,0,0,0,0,64,31,16,0,0,0,0,0,119
"Colorado","Denver",2016,366,165,197,4,0,0,0,112,73,52,0,171,120,1,71,3
"Colorado","Douglas",2016,362,253,93,15,1,0,0,151,80,44,0,0,353,0,9,0
"Colorado","El Paso",2016,366,263,101,2,0,0,0,126,71,45,0,0,326,16,24,0
"Colorado","Fremont",2016,52,52,0,0,0,0,0,50,24,14,0,0,0,0,0,52
"Colorado","Garfield",2016,366,328,38,0,0,0,0,84,51,42,0,7,354,0,4,1
"Colorado","Gunnison",2016,366,322,44,0,0,0,0,87,51,43,0,0,341,0,0,25
"Colorado","Jackson",2016,48,48,0,0,0,0,0,16,7,4,0,0,0,0,48,0
"Colorado","Jefferson",2016,366,245,101,17,3,0,0,159,87,46,0,0,366,0,0,0
"Colorado","La Plata",2016,366,251,107,8,0,0,0,122,80,46,0,1,359,0,3,3
"Colorado","Larimer",2016,366,197,161,7,1,0,0,151,80,50,0,0,313,0,51,2
"Colorado","Mesa",2016,366,276,89,1,0,0,0,102,61,44,0,0,293,0,73,0
"Colorado","Moffat",2016,345,316,29,0,0,0,0,67,50,41,0,0,345,0,0,0
"Colorado","Montezuma",2016,366,286,80,0,0,0,0,97,64,44,0,0,366,0,0,0
"Colorado","Montrose",2016,253,236,17,0,0,0,0,84,49,40,0,0,253,0,0,0
"Colorado","Park",2016,359,309,50,0,0,0,0,97,58,44,0,1,351,0,6,1
"Colorado","Pitkin",2016,120,120,0,0,0,0,0,44,23,12,0,0,0,0,14,106
"Colorado","Prowers",2016,357,350,6,1,0,0,0,115,34,17,0,0,0,0,0,357
"Colorado","Pueblo",2016,128,126,2,0,0,0,0,64,35,20,0,0,0,0,76,52
"Colorado","Rio Blanco",2016,366,327,39,0,0,0,0,90,51,43,0,0,336,0,30,0
"Colorado","Routt",2016,352,343,9,0,0,0,0,60,26,15,0,0,0,0,0,352
"Colorado","San Juan",2016,50,50,0,0,0,0,0,19,13,4,0,0,0,0,50,0
"Colorado","San Miguel",2016,119,114,5,0,0,0,0,63,34,12,0,0,0,0,0,119
"Colorado","Weld",2016,365,257,105,3,0,0,0,129,67,44,0,0,269,0,95,1
"Connecticut","Fairfield",2016,366,223,120,16,7,0,0,185,87,45,0,0,163,0,203,0
"Connecticut","Hartford",2016,366,268,91,6,1,0,0,169,65,41,0,57,158,0,151,0
"Connecticut","Litchfield",2016,365,307,50,7,1,0,0,164,61,38,0,0,332,0,33,0
"Connecticut","Middlesex",2016,174,125,36,11,2,0,0,187,97,44,0,0,174,0,0,0
"Connecticut","New Haven",2016,366,256,96,11,3,0,0,164,73,44,0,24,215,0,127,0
"Connecticut","New London",2016,357,306,41,9,1,0,0,154,58,34,0,0,178,0,179,0
"Connecticut","Tolland",2016,176,144,27,5,0,0,0,140,71,41,0,0,176,0,0,0
"Connecticut","Windham",2016,358,331,23,3,1,0,0,154,48,35,0,0,358,0,0,0
"Country Of Mexico","BAJA CALIFORNIA NORTE",2016,276,61,161,43,11,0,0,194,126,63,0,0,0,0,218,58
"Delaware","Kent",2016,364,300,62,2,0,0,0,136,61,39,0,0,287,0,77,0
"Delaware","New Castle",2016,366,238,118,9,1,0,0,154,74,44,0,9,216,1,140,0
"Delaware","Sussex",2016,366,290,73,3,0,0,0,129,61,41,0,0,298,0,68,0
"District Of Columbia","District of Columbia",2016,366,211,148,7,0,0,0,129,68,47,0,25,164,0,177,0
"Florida","Alachua",2016,360,321,38,1,0,0,0,101,51,37,0,0,214,0,146,0
"Florida","Baker",2016,358,334,24,0,0,0,0,80,47,34,0,0,358,0,0,0
"Florida","Bay",2016,366,328,38,0,0,0,0,87,51,38,0,0,255,0,111,0
"Florida","Brevard",2016,366,332,34,0,0,0,0,84,50,39,0,0,278,0,88,0
"Florida","Broward",2016,361,295,66,0,0,0,0,93,55,41,0,22,173,0,166,0
"Florida","Citrus",2016,364,323,40,1,0,0,0,104,51,33,0,0,0,45,319,0
"Florida","Collier",2016,366,336,30,0,0,0,0,87,50,37,0,0,233,0,133,0
"Florida","Columbia",2016,345,283,62,0,0,0,0,90,58,38,0,0,217,0,128,0
"Florida","Duval",2016,366,266,100,0,0,0,0,97,60,42,0,1,204,3,158,0
"Florida","Escambia",2016,366,314,52,0,0,0,0,97,58,41,0,0,299,0,67,0
"Florida","Flagler",2016,362,346,16,0,0,0,0,74,46,35,0,0,362,0,0,0
"Florida","Hamilton",2016,268,241,27,0,0,0,0,71,51,33,0,0,0,0,268,0
"Florida","Highlands",2016,363,347,16,0,0,0,0,87,46,33,0,0,363,0,0,0
"Florida","Hillsborough",2016,365,257,102,5,1,0,0,154,67,44,0,0,214,15,136,0
"Florida","Holmes",2016,366,306,60,0,0,0,0,80,55,40,0,0,171,0,195,0
"Florida","Indian River",2016,340,316,24,0,0,0,0,84,48,39,0,0,340,0,0,0
"Florida","Lake",2016,334,299,34,1,0,0,0,115,51,37,0,0,334,0,0,0
"Florida","Lee",2016,366,324,41,1,0,0,0,105,51,38,0,0,249,0,116,1
"Florida","Leon",2016,361,297,64,0,0,0,0,84,55,40,0,0,164,0,197,0
"Florida","Liberty",2016,342,333,9,0,0,0,0,67,45,33,0,0,342,0,0,0
"Florida","Manatee",2016,366,343,23,0,0,0,0,87,49,36,0,0,366,0,0,0
"Florida","Marion",2016,366,324,41,1,0,0,0,105,52,38,0,0,223,0,143,0
"Florida","Martin",2016,363,327,36,0,0,0,0,87,50,38,0,0,234,0,129,0
"Florida","Miami-Dade",2016,359,259,97,3,0,0,0,144,64,43,0,2,123,0,234,0
"Florida","Nassau",2016,336,310,26,0,0,0,0,84,49,31,0,0,0,111,225,0
"Florida","Okaloosa",2016,366,346,20,0,0,0,0,71,47,36,0,0,357,0,0,9
"Florida","Orange",2016,366,293,73,0,0,0,0,97,58,40,0,10,209,0,147,0
"Florida","Osceola",2016,366,342,24,0,0,0,0,90,49,35,0,0,366,0,0,0
"Florida","Palm Beach",2016,359,268,88,2,1,0,0,164,58,41,0,0,131,0,151,77
"Florida","Pasco",2016,366,328,37,1,0,0,0,105,51,37,0,0,366,0,0,0
"Florida","Pinellas",2016,366,315,51,0,0,0,0,97,54,40,0,0,234,0,132,0
"Florida","Polk",2016,366,320,46,0,0,0,0,90,53,39,0,0,235,2,129,0
"Florida","Putnam",2016,366,366,0,0,0,0,0,45,24,14,0,0,0,14,0,352
"Florida","Santa Rosa",2016,366,324,42,0,0,0,0,80,51,38,0,0,243,0,123,0
"Florida","Sarasota",2016,366,300,66,0,0,0,0,97,54,40,0,0,209,0,157,0
"Florida","Seminole",2016,365,330,35,0,0,0,0,87,50,38,0,0,337,0,21,7
"Florida","St. Lucie",2016,329,309,20,0,0,0,0,93,48,37,0,0,329,0,0,0
"Florida","Volusia",2016,359,317,42,0,0,0,0,89,51,38,0,0,244,0,115,0
"Florida","Wakulla",2016,335,292,41,1,1,0,0,175,54,37,4,0,231,0,100,0
"Georgia","Bibb",2016,366,267,94,5,0,0,0,147,63,42,0,0,138,1,227,0
"Georgia","Charlton",2016,49,45,4,0,0,0,0,64,46,25,0,0,0,0,49,0
"Georgia","Chatham",2016,366,304,59,3,0,0,0,143,55,39,0,0,126,40,200,0
"Georgia","Chattooga",2016,242,217,25,0,0,0,0,93,51,42,0,0,242,0,0,0
"Georgia","Clarke",2016,362,295,61,4,2,0,0,162,61,40,0,0,187,0,175,0
"Georgia","Clayton",2016,121,98,22,1,0,0,0,145,54,34,0,0,0,0,121,0
"Georgia","Cobb",2016,351,244,103,3,1,0,0,200,64,44,0,0,171,0,180,0
"Georgia","Coffee",2016,23,21,2,0,0,0,0,51,47,35,0,0,0,0,23,0
"Georgia","Columbia",2016,243,217,26,0,0,0,0,93,51,40,0,0,243,0,0,0
"Georgia","Coweta",2016,366,303,62,0,1,0,0,154,57,39,0,0,171,0,195,0
"Georgia","Dawson",2016,244,216,26,2,0,0,0,126,51,42,0,0,244,0,0,0
"Georgia","DeKalb",2016,366,174,183,8,1,0,0,151,72,51,0,19,120,1,226,0
"Georgia","Dougherty",2016,363,263,100,0,0,0,0,93,59,36,0,0,0,0,363,0
"Georgia","Douglas",2016,245,196,42,6,1,0,0,151,67,43,0,0,245,0,0,0
"Georgia","Floyd",2016,366,287,78,1,0,0,0,102,57,35,0,0,0,57,309,0
"Georgia","Fulton",2016,366,201,152,12,1,0,0,156,71,48,0,20,98,1,247,0
"Georgia","Glynn",2016,343,314,27,2,0,0,0,129,49,35,0,0,170,0,173,0
"Georgia","Gwinnett",2016,365,284,72,9,0,0,0,147,64,42,0,0,198,0,167,0
"Georgia","Hall",2016,119,103,14,1,1,0,0,155,52,30,0,0,0,0,119,0
"Georgia","Henry",2016,365,290,66,8,1,0,0,159,64,40,0,0,194,0,171,0
"Georgia","Houston",2016,352,306,44,2,0,0,0,107,53,33,0,0,0,0,352,0
"Georgia","Lowndes",2016,327,276,51,0,0,0,0,74,54,33,0,0,0,0,327,0
"Georgia","Murray",2016,261,220,40,1,0,0,0,112,58,44,0,0,242,0,19,0
"Georgia","Muscogee",2016,360,281,74,5,0,0,0,148,58,40,0,0,169,0,191,0
"Georgia","Paulding",2016,364,240,122,2,0,0,0,126,62,44,0,0,120,0,244,0
"Georgia","Pike",2016,339,290,45,4,0,0,0,126,58,40,0,0,339,0,0,0
"Georgia","Richmond",2016,365,272,87,4,2,0,0,162,61,40,0,0,137,32,196,0
"Georgia","Rockdale",2016,240,179,52,9,0,0,0,140,80,44,0,0,240,0,0,0
"Georgia","Sumter",2016,245,218,26,1,0,0,0,101,54,39,0,0,245,0,0,0
"Georgia","Walker",2016,348,267,78,0,3,0,0,174,57,38,0,0,0,0,348,0
"Georgia","Washington",2016,119,108,10,1,0,0,0,105,50,29,0,0,0,0,119,0
"Georgia","Wilkinson",2016,117,98,17,1,1,0,0,151,56,33,0,0,0,0,117,0
"Hawaii","Hawaii",2016,366,1,54,128,181,1,1,337,200,151,0,0,0,353,13,0
"Hawaii","Honolulu",2016,366,353,13,0,0,0,0,60,43,31,0,1,269,0,68,28
"Hawaii","Kauai",2016,358,356,2,0,0,0,0,54,28,14,0,56,0,4,298,0
"Hawaii","Maui",2016,366,348,17,1,0,0,0,130,39,21,0,0,0,0,366,0
"Idaho","Ada",2016,366,283,76,7,0,0,0,116,67,38,0,24,267,0,63,12
"Idaho","Bannock",2016,366,317,49,0,0,0,0,84,53,30,0,0,0,80,253,33
"Idaho","Benewah",2016,366,257,101,7,1,0,0,170,67,33,0,0,0,0,366,0
"Idaho","Blaine",2016,113,98,15,0,0,0,0,92,56,8,0,0,0,0,113,0
"Idaho","Boise",2016,363,309,48,5,1,0,0,155,59,29,0,0,0,0,363,0
"Idaho","Bonner",2016,366,337,29,0,0,0,0,81,46,20,0,0,0,0,317,49
"Idaho","Bonneville",2016,324,301,23,0,0,0,0,65,47,26,0,0,0,0,324,0
"Idaho","Butte",2016,361,348,13,0,0,0,0,67,48,39,0,0,361,0,0,0
"Idaho","Canyon",2016,366,256,106,4,0,0,0,117,63,38,0,0,0,0,351,15
"Idaho","Caribou",2016,357,355,2,0,0,0,0,59,23,3,0,0,0,357,0,0
"Idaho","Custer",2016,50,50,0,0,0,0,0,14,12,4,0,0,0,0,50,0
"Idaho","Franklin",2016,357,306,44,7,0,0,0,125,59,25,0,0,0,0,357,0
"Idaho","Idaho",2016,366,319,47,0,0,0,0,80,53,30,0,0,27,0,339,0
"Idaho","Jerome",2016,284,280,4,0,0,0,0,67,36,15,0,0,0,0,284,0
"Idaho","Kootenai",2016,351,325,26,0,0,0,0,83,47,22,0,0,0,0,351,0
"Idaho","Latah",2016,270,268,2,0,0,0,0,58,22,8,0,0,0,0,270,0
"Idaho","Lemhi",2016,364,230,105,26,3,0,0,158,97,38,0,0,0,0,364,0
"Idaho","Nez Perce",2016,366,328,36,2,0,0,0,141,51,23,0,0,0,0,366,0
"Idaho","Shoshone",2016,366,245,116,5,0,0,0,150,69,35,0,0,0,0,364,2
"Idaho","Twin Falls",2016,352,348,4,0,0,0,0,64,31,17,0,0,0,0,352,0
"Idaho","Valley",2016,348,327,21,0,0,0,0,88,41,13,0,0,0,0,348,0
"Illinois","Adams",2016,214,199,15,0,0,0,0,80,49,36,0,0,214,0,0,0
"Illinois","Champaign",2016,366,302,64,0,0,0,0,100,58,39,0,0,254,0,112,0
"Illinois","Clark",2016,203,175,27,1,0,0,0,101,54,38,0,0,203,0,0,0
"Illinois","Cook",2016,366,179,169,16,2,0,0,169,80,51,0,58,131,0,163,14
"Illinois","DuPage",2016,241,194,38,9,0,0,0,136,64,40,0,0,178,0,63,0
"Illinois","Effingham",2016,214,181,33,0,0,0,0,93,54,39,0,0,214,0,0,0
"Illinois","Hamilton",2016,285,227,58,0,0,0,0,100,61,39,0,0,170,0,115,0
"Illinois","Jersey",2016,295,234,56,5,0,0,0,150,63,40,0,0,182,0,113,0
"Illinois","Jo Daviess",2016,350,331,18,1,0,0,0,108,46,33,0,0,350,0,0,0
"Illinois","Kane",2016,359,306,45,8,0,0,0,140,55,35,0,0,308,0,51,0
"Illinois","La Salle",2016,350,350,0,0,0,0,0,36,6,1,0,0,0,350,0,0
"Illinois","Lake",2016,346,306,32,8,0,0,0,140,54,34,0,0,346,0,0,0
"Illinois","Macon",2016,366,293,72,1,0,0,0,123,60,41,0,0,171,29,166,0
"Illinois","Macoupin",2016,362,341,21,0,0,0,0,97,47,26,0,0,203,159,0,0
"Illinois","Madison",2016,366,241,116,9,0,0,0,129,70,44,0,0,200,1,164,1
"Illinois","McHenry",2016,362,307,49,6,0,0,0,129,54,37,0,0,212,0,150,0
"Illinois","McLean",2016,366,309,56,1,0,0,0,108,57,38,0,0,290,0,76,0
"Illinois","Monroe",2016,245,245,0,0,0,0,0,29,10,1,0,0,0,245,0,0
"Illinois","Peoria",2016,366,275,89,2,0,0,0,108,58,41,0,0,177,4,185,0
"Illinois","Randolph",2016,295,240,54,1,0,0,0,119,58,39,0,0,170,0,125,0
"Illinois","Rock Island",2016,343,307,35,1,0,0,0,108,51,33,0,0,306,0,37,0
"Illinois","Saint Clair",2016,366,280,82,4,0,0,0,126,59,40,0,26,211,0,129,0
"Illinois","Sangamon",2016,364,319,44,1,0,0,0,105,53,35,0,0,321,0,43,0
"Illinois","Tazewell",2016,351,312,29,10,0,0,0,141,55,4,0,0,0,351,0,0
"Illinois","Wabash",2016,364,359,5,0,0,0,0,74,16,3,0,0,0,364,0,0
"Illinois","Will",2016,365,283,81,1,0,0,0,105,58,40,0,0,182,0,183,0
"Illinois","Winnebago",2016,354,316,35,3,0,0,0,105,51,34,0,0,311,0,43,0
"Indiana","Allen",2016,358,264,91,3,0,0,0,119,64,40,0,0,143,0,215,0
"Indiana","Bartholomew",2016,366,286,75,5,0,0,0,105,64,40,0,6,136,0,224,0
"Indiana","Boone",2016,181,143,35,3,0,0,0,126,71,40,0,0,181,0,0,0
"Indiana","Brown",2016,138,123,14,1,0,0,0,101,54,36,0,0,138,0,0,0
"Indiana","Carroll",2016,182,147,33,2,0,0,0,101,61,39,0,0,182,0,0,0
"Indiana","Clark",2016,365,266,92,7,0,0,0,143,64,42,0,0,153,0,212,0
"Indiana","Daviess",2016,354,351,3,0,0,0,0,82,21,4,0,0,0,354,0,0
"Indiana","Delaware",2016,230,192,37,1,0,0,0,115,58,39,0,0,154,0,76,0
"Indiana","Dubois",2016,127,104,23,0,0,0,0,73,55,33,0,0,0,0,125,2
"Indiana","Elkhart",2016,358,265,85,8,0,0,0,131,67,39,0,0,134,0,224,0
"Indiana","Floyd",2016,366,280,80,6,0,0,0,143,62,40,0,0,186,3,177,0
"Indiana","Fountain",2016,175,175,0,0,0,0,0,30,14,3,0,0,0,175,0,0
"Indiana","Gibson",2016,366,353,10,3,0,0,0,115,19,3,0,0,0,366,0,0
"Indiana","Greene",2016,244,187,54,3,0,0,0,140,64,40,0,0,172,0,72,0
"Indiana","Hamilton",2016,359,271,85,3,0,0,0,115,64,41,0,0,118,0,241,0
"Indiana","Hendricks",2016,183,146,37,0,0,0,0,100,67,40,0,0,183,0,0,0
"Indiana","Henry",2016,119,106,13,0,0,0,0,65,51,28,0,0,0,0,119,0
"Indiana","Howard",2016,325,243,82,0,0,0,0,81,58,36,0,0,0,0,325,0
"Indiana","Huntington",2016,180,156,23,1,0,0,0,105,64,37,0,0,180,0,0,0
"Indiana","Jackson",2016,183,146,35,2,0,0,0,129,67,40,0,0,183,0,0,0
"Indiana","Johnson",2016,183,158,25,0,0,0,0,100,54,38,0,0,183,0,0,0
"Indiana","Knox",2016,359,313,42,4,0,0,0,119,61,35,0,0,359,0,0,0
"Indiana","LaPorte",2016,244,205,37,2,0,0,0,112,60,36,0,0,169,0,75,0
"Indiana","Lake",2016,366,258,102,5,0,1,0,217,64,40,1,13,110,7,231,4
"Indiana","Madison",2016,358,273,85,0,0,0,0,97,60,38,0,0,133,0,225,0
"Indiana","Marion",2016,366,206,149,11,0,0,0,143,76,48,0,4,130,1,229,2
"Indiana","Monroe",2016,354,338,16,0,0,0,0,61,42,25,0,0,0,0,354,0
"Indiana","Morgan",2016,366,337,28,1,0,0,0,105,48,24,0,0,183,183,0,0
"Indiana","Perry",2016,183,140,40,3,0,0,0,136,74,41,0,0,183,0,0,0
"Indiana","Pike",2016,363,360,3,0,0,0,0,72,9,3,0,0,0,363,0,0
"Indiana","Porter",2016,366,276,83,7,0,0,0,126,65,38,0,0,154,14,176,22
"Indiana","Posey",2016,181,148,32,1,0,0,0,112,64,39,0,0,181,0,0,0
"Indiana","Shelby",2016,183,153,29,1,0,0,0,101,61,39,0,0,183,0,0,0
"Indiana","Spencer",2016,118,98,20,0,0,0,0,77,54,32,0,0,0,0,118,0
"Indiana","St. Joseph",2016,364,258,98,8,0,0,0,119,67,41,0,17,143,0,204,0
"Indiana","Tippecanoe",2016,347,305,42,0,0,0,0,87,52,30,0,0,0,0,347,0
"Indiana","Vanderburgh",2016,364,271,89,4,0,0,0,140,63,41,2,1,205,0,156,0
"Indiana","Vigo",2016,366,236,122,7,1,0,0,153,71,43,0,0,121,29,216,0
"Indiana","Wabash",2016,347,309,33,5,0,0,0,115,51,35,0,0,347,0,0,0
"Indiana","Warrick",2016,243,183,55,4,1,0,0,151,71,41,0,0,183,60,0,0
"Indiana","Wayne",2016,366,363,2,1,0,0,0,106,7,4,0,0,0,366,0,0
"Indiana","Whitley",2016,356,308,48,0,0,0,0,76,53,30,0,12,0,0,344,0
"Iowa","Black Hawk",2016,364,272,91,1,0,0,0,118,57,38,0,0,0,0,364,0
"Iowa","Bremer",2016,213,196,17,0,0,0,0,80,48,33,0,0,213,0,0,0
"Iowa","Cerro Gordo",2016,350,346,4,0,0,0,0,59,31,15,0,0,0,0,0,350
"Iowa","Clinton",2016,366,176,189,1,0,0,0,108,67,52,0,0,66,2,298,0
"Iowa","Delaware",2016,128,113,15,0,0,0,0,79,52,24,0,0,0,0,105,23
"Iowa","Harrison",2016,212,188,24,0,0,0,0,84,51,37,0,0,212,0,0,0
"Iowa","Johnson",2016,366,305,61,0,0,0,0,100,53,33,0,0,0,0,365,1
"Iowa","Lee",2016,113,95,18,0,0,0,0,70,54,32,0,0,0,0,113,0
"Iowa","Linn",2016,366,274,90,2,0,0,0,106,63,40,0,0,113,19,232,2
"Iowa","Montgomery",2016,366,302,63,1,0,0,0,121,54,38,0,0,162,0,204,0
"Iowa","Muscatine",2016,366,276,90,0,0,0,0,95,60,38,0,0,0,15,351,0
"Iowa","Palo Alto",2016,366,306,58,1,1,0,0,154,53,36,0,0,141,0,221,4
"Iowa","Polk",2016,366,312,53,1,0,0,0,138,53,37,0,3,129,0,233,1
"Iowa","Pottawattamie",2016,137,127,10,0,0,0,0,67,47,29,0,0,0,0,115,22
"Iowa","Scott",2016,366,131,233,2,0,0,0,112,74,55,0,0,64,0,226,76
"Iowa","Story",2016,212,198,14,0,0,0,0,77,48,35,0,0,212,0,0,0
"Iowa","Van Buren",2016,366,260,104,1,1,0,0,156,59,43,0,0,121,0,245,0
"Iowa","Warren",2016,212,203,9,0,0,0,0,71,45,33,0,0,212,0,0,0
"Iowa","Woodbury",2016,366,353,13,0,0,0,0,66,38,0,0,0,0,239,106,21
"Kansas","Chase",2016,48,43,3,2,0,0,0,148,61,16,0,0,0,0,48,0
"Kansas","Ford",2016,366,360,6,0,0,0,0,67,31,16,0,0,0,0,0,366
"Kansas","Johnson",2016,366,341,25,0,0,0,0,87,47,35,0,0,306,0,60,0
"Kansas","Leavenworth",2016,362,333,29,0,0,0,0,97,49,35,0,0,362,0,0,0
"Kansas","Neosho",2016,366,336,30,0,0,0,0,87,48,36,0,0,326,0,35,5
"Kansas","Sedgwick",2016,366,310,55,0,1,0,0,195,54,40,0,11,265,0,50,40
"Kansas","Shawnee",2016,366,335,31,0,0,0,0,87,49,36,0,0,328,0,33,5
"Kansas","Sherman",2016,58,48,10,0,0,0,0,98,54,20,0,0,0,0,0,58
"Kansas","Sumner",2016,364,333,31,0,0,0,0,90,49,37,0,2,336,2,24,0
"Kansas","Trego",2016,366,345,21,0,0,0,0,67,49,38,0,0,340,0,26,0
"Kansas","Wyandotte",2016,365,281,82,2,0,0,0,129,60,40,0,14,184,0,165,2
"Kentucky","Bell",2016,261,236,23,1,1,0,0,161,50,39,0,0,234,0,27,0
"Kentucky","Boone",2016,241,212,29,0,0,0,0,87,51,38,0,0,241,0,0,0
"Kentucky","Boyd",2016,366,261,103,2,0,0,0,126,59,42,0,8,125,1,230,2
"Kentucky","Bullitt",2016,236,202,33,1,0,0,0,122,58,39,0,0,236,0,0,0
"Kentucky","Campbell",2016,363,250,110,3,0,0,0,115,64,44,0,5,119,1,238,0
"Kentucky","Carter",2016,286,264,21,1,0,0,0,103,50,37,0,0,229,0,56,1
"Kentucky","Christian",2016,283,245,38,0,0,0,0,90,53,39,0,0,220,0,63,0
"Kentucky","Daviess",2016,366,235,129,1,1,0,0,156,63,44,0,0,73,1,292,0
"Kentucky","Edmonson",2016,331,301,30,0,0,0,0,97,49,36,1,0,323,2,5,0
"Kentucky","Fayette",2016,362,296,66,0,0,0,0,93,58,39,0,27,199,0,136,0
"Kentucky","Greenup",2016,366,346,20,0,0,0,0,84,46,31,0,0,245,121,0,0
"Kentucky","Hancock",2016,242,200,39,3,0,0,0,126,64,39,0,0,242,0,0,0
"Kentucky","Hardin",2016,364,248,115,1,0,0,0,101,64,43,0,0,96,0,268,0
"Kentucky","Henderson",2016,366,246,116,4,0,0,0,112,63,43,0,0,107,0,259,0
"Kentucky","Jefferson",2016,366,217,134,14,1,0,0,151,80,48,0,12,165,1,188,0
"Kentucky","Jessamine",2016,366,330,35,1,0,0,0,126,50,35,0,0,245,121,0,0
"Kentucky","Livingston",2016,260,221,38,1,0,0,0,115,58,39,0,0,240,0,0,20
"Kentucky","Madison",2016,97,87,10,0,0,0,0,90,51,30,0,0,0,0,97,0
"Kentucky","McCracken",2016,366,262,103,1,0,0,0,105,60,43,0,0,81,1,284,0
"Kentucky","Morgan",2016,365,331,32,2,0,0,0,112,50,37,0,0,365,0,0,0
"Kentucky","Oldham",2016,241,204,34,3,0,0,0,112,64,41,0,0,241,0,0,0
"Kentucky","Perry",2016,352,281,69,1,1,0,0,164,57,41,0,0,78,0,274,0
"Kentucky","Pike",2016,366,289,74,3,0,0,0,126,58,41,0,0,110,0,256,0
"Kentucky","Pulaski",2016,278,246,32,0,0,0,0,90,51,39,0,0,210,0,68,0
"Kentucky","Simpson",2016,243,217,25,1,0,0,0,101,51,40,0,0,243,0,0,0
"Kentucky","Trigg",2016,357,319,38,0,0,0,0,80,51,36,0,0,357,0,0,0
"Kentucky","Warren",2016,365,292,73,0,0,0,0,93,57,41,0,0,115,0,250,0
"Kentucky","Washington",2016,359,326,33,0,0,0,0,90,50,38,0,0,359,0,0,0
"Louisiana","Ascension",2016,365,337,24,4,0,0,0,112,49,36,0,8,357,0,0,0
"Louisiana","Bossier",2016,366,291,75,0,0,0,0,90,57,39,0,0,215,0,144,7
"Louisiana","Caddo",2016,354,302,52,0,0,0,0,84,54,36,0,0,278,0,76,0
"Louisiana","Calcasieu",2016,366,239,126,1,0,0,0,112,62,44,0,0,102,7,257,0
"Louisiana","East Baton Rouge",2016,366,208,153,5,0,0,0,146,71,48,0,2,96,0,265,3
"Louisiana","Iberville",2016,366,313,51,2,0,0,0,101,54,39,0,0,331,0,35,0
"Louisiana","Jefferson",2016,366,317,48,1,0,0,0,126,54,39,0,6,302,0,58,0
"Louisiana","Lafayette",2016,366,291,75,0,0,0,0,90,58,40,0,0,256,0,110,0
"Louisiana","Lafourche",2016,366,333,33,0,0,0,0,93,50,36,0,0,296,0,70,0
"Louisiana","Livingston",2016,359,269,88,2,0,0,0,112,60,43,0,0,148,0,211,0
"Louisiana","Orleans",2016,366,313,53,0,0,0,0,70,53,38,0,32,0,0,334,0
"Louisiana","Ouachita",2016,344,314,30,0,0,0,0,72,50,36,0,0,285,0,59,0
"Louisiana","Pointe Coupee",2016,365,346,19,0,0,0,0,100,47,33,0,0,365,0,0,0
"Louisiana","Rapides",2016,102,96,6,0,0,0,0,62,48,34,0,0,0,0,102,0
"Louisiana","St. Bernard",2016,366,263,94,9,0,0,0,123,69,42,0,0,176,65,125,0
"Louisiana","St. James",2016,366,347,19,0,0,0,0,84,46,31,0,0,366,0,0,0
"Louisiana","St. John the Baptist",2016,365,347,17,1,0,0,0,105,48,35,0,0,365,0,0,0
"Louisiana","St. Martin",2016,361,324,37,0,0,0,0,97,51,39,0,0,361,0,0,0
"Louisiana","St. Tammany",2016,363,330,32,1,0,0,0,119,50,37,0,0,266,0,97,0
"Louisiana","Tangipahoa",2016,117,110,7,0,0,0,0,60,43,28,0,0,0,0,117,0
"Louisiana","Terrebonne",2016,120,116,4,0,0,0,0,72,43,28,0,0,0,0,120,0
"Louisiana","West Baton Rouge",2016,366,295,69,2,0,0,0,112,56,40,0,11,181,3,171,0
"Maine","Androscoggin",2016,358,333,25,0,0,0,0,79,47,32,0,0,163,0,190,5
"Maine","Aroostook",2016,366,324,41,0,1,0,0,164,52,34,0,0,183,0,182,1
"Maine","Cumberland",2016,366,334,32,0,0,0,0,97,50,35,0,11,256,0,95,4
"Maine","Franklin",2016,347,341,6,0,0,0,0,59,33,15,0,0,0,0,347,0
"Maine","Hancock",2016,366,342,22,2,0,0,0,122,48,36,0,0,330,0,36,0
"Maine","Kennebec",2016,309,295,14,0,0,0,0,84,46,30,0,76,206,0,25,2
"Maine","Knox",2016,181,171,9,1,0,0,0,122,48,33,0,0,181,0,0,0
"Maine","Oxford",2016,363,313,50,0,0,0,0,89,54,31,0,0,167,0,196,0
"Maine","Penobscot",2016,366,320,46,0,0,0,0,75,54,36,0,0,187,0,179,0
"Maine","Washington",2016,366,360,6,0,0,0,0,74,44,32,0,0,365,0,1,0
"Maine","York",2016,283,258,23,2,0,0,0,108,49,35,0,0,236,47,0,0
"Maryland","Anne Arundel",2016,267,185,74,8,0,0,0,140,77,42,0,0,206,0,59,2
"Maryland","Baltimore",2016,366,236,108,17,4,1,0,204,85,44,0,27,242,0,97,0
"Maryland","Baltimore (City)",2016,366,245,115,5,1,0,0,156,70,43,0,41,163,0,162,0
"Maryland","Calvert",2016,214,165,46,3,0,0,0,115,67,42,0,0,214,0,0,0
"Maryland","Carroll",2016,212,167,41,4,0,0,0,122,67,42,0,0,212,0,0,0
"Maryland","Cecil",2016,359,266,83,9,1,0,0,154,64,42,0,0,196,0,163,0
"Maryland","Charles",2016,213,166,41,6,0,0,0,133,71,42,0,0,213,0,0,0
"Maryland","Dorchester",2016,366,303,60,3,0,0,0,122,59,40,0,0,265,0,101,0
"Maryland","Frederick",2016,211,151,57,3,0,0,0,122,74,43,0,0,211,0,0,0
"Maryland","Garrett",2016,363,321,42,0,0,0,0,97,51,38,0,2,292,0,69,0
"Maryland","Harford",2016,359,257,90,11,1,0,0,154,71,41,0,0,194,0,165,0
"Maryland","Howard",2016,365,281,84,0,0,0,0,85,56,39,1,102,0,0,262,0
"Maryland","Kent",2016,357,286,67,4,0,0,0,150,67,38,0,0,197,0,160,0
"Maryland","Montgomery",2016,345,279,66,0,0,0,0,100,57,38,0,0,199,0,146,0
"Maryland","Prince George's",2016,366,251,106,9,0,0,0,129,74,43,0,7,229,0,130,0
"Maryland","Washington",2016,351,265,82,4,0,0,0,112,63,42,0,0,174,0,177,0
"Massachusetts","Barnstable",2016,360,336,23,1,0,0,0,115,47,36,0,0,358,0,2,0
"Massachusetts","Berkshire",2016,355,310,45,0,0,0,0,79,53,27,0,0,0,0,355,0
"Massachusetts","Bristol",2016,366,333,29,4,0,0,0,133,49,36,0,0,315,0,51,0
"Massachusetts","Dukes",2016,350,336,12,2,0,0,0,126,46,35,0,0,343,0,7,0
"Massachusetts","Essex",2016,366,321,42,3,0,0,0,105,54,37,0,0,302,0,64,0
"Massachusetts","Franklin",2016,366,327,36,3,0,0,0,115,53,35,0,0,269,0,97,0
"Massachusetts","Hampden",2016,366,303,57,5,1,0,0,161,58,38,0,14,257,0,95,0
"Massachusetts","Hampshire",2016,359,321,34,3,1,0,0,159,51,36,0,3,315,0,40,1
"Massachusetts","Middlesex",2016,362,341,21,0,0,0,0,100,46,33,0,0,362,0,0,0
"Massachusetts","Norfolk",2016,365,330,32,3,0,0,0,143,50,37,0,7,349,0,9,0
"Massachusetts","Plymouth",2016,366,331,34,1,0,0,0,105,50,35,0,0,271,0,95,0
"Massachusetts","Suffolk",2016,366,255,111,0,0,0,0,90,62,42,0,40,97,0,228,1
"Massachusetts","Worcester",2016,366,311,51,4,0,0,0,143,56,38,0,11,282,0,73,0
"Michigan","Allegan",2016,240,185,46,9,0,0,0,150,71,40,0,0,177,0,63,0
"Michigan","Bay",2016,355,320,35,0,0,0,0,81,50,28,0,0,0,0,355,0
"Michigan","Benzie",2016,170,146,18,6,0,0,0,143,61,38,0,0,170,0,0,0
"Michigan","Berrien",2016,242,181,50,11,0,0,0,140,80,40,0,0,174,0,68,0
"Michigan","Cass",2016,183,128,46,9,0,0,0,129,87,42,0,0,183,0,0,0
"Michigan","Chippewa",2016,299,277,21,1,0,0,0,101,46,31,0,0,128,0,171,0
"Michigan","Clinton",2016,181,143,31,7,0,0,0,122,71,41,0,0,181,0,0,0
"Michigan","Genesee",2016,364,294,61,9,0,0,0,129,60,38,0,0,172,0,192,0
"Michigan","Huron",2016,183,163,15,5,0,0,0,119,51,38,0,0,183,0,0,0
"Michigan","Ingham",2016,358,291,60,7,0,0,0,126,61,39,0,3,228,2,125,0
"Michigan","Kalamazoo",2016,363,286,69,8,0,0,0,119,62,38,0,0,152,0,211,0
"Michigan","Kent",2016,366,278,80,8,0,0,0,129,65,39,0,0,206,0,160,0
"Michigan","Keweenaw",2016,51,51,0,0,0,0,0,45,27,8,0,0,0,0,51,0
"Michigan","Lenawee",2016,361,286,73,2,0,0,0,119,58,40,0,0,162,0,199,0
"Michigan","Macomb",2016,243,184,52,7,0,0,0,147,71,42,0,0,176,0,67,0
"Michigan","Manistee",2016,241,218,21,2,0,0,0,133,50,32,0,0,178,0,63,0
"Michigan","Mason",2016,180,157,17,6,0,0,0,129,64,38,0,0,180,0,0,0
"Michigan","Missaukee",2016,365,328,31,6,0,0,0,115,51,36,0,0,307,0,58,0
"Michigan","Monroe",2016,366,349,17,0,0,0,0,68,41,4,0,0,0,249,117,0
"Michigan","Muskegon",2016,178,138,33,5,2,0,0,159,71,41,0,0,178,0,0,0
"Michigan","Oakland",2016,244,182,56,6,0,0,0,126,76,40,0,0,176,0,68,0
"Michigan","Ottawa",2016,366,331,28,7,0,0,0,133,50,11,0,0,166,200,0,0
"Michigan","Schoolcraft",2016,343,313,21,9,0,0,0,147,49,30,0,0,177,0,166,0
"Michigan","St. Clair",2016,364,278,82,4,0,0,0,140,60,37,0,0,140,20,204,0
"Michigan","Tuscola",2016,360,332,24,4,0,0,0,115,49,34,0,0,360,0,0,0
"Michigan","Washtenaw",2016,366,293,67,6,0,0,0,122,60,40,0,0,245,0,121,0
"Michigan","Wayne",2016,366,159,186,21,0,0,0,133,87,53,0,16,102,18,201,29
"Michigan","Wexford",2016,355,329,21,5,0,0,0,126,49,34,0,0,355,0,0,0
"Minnesota","Anoka",2016,366,328,37,1,0,0,0,145,51,35,0,11,243,0,112,0
"Minnesota","Becker",2016,361,337,24,0,0,0,0,89,45,27,0,0,192,0,169,0
"Minnesota","Beltrami",2016,358,344,14,0,0,0,0,71,33,18,0,0,0,0,358,0
"Minnesota","Carlton",2016,364,345,18,1,0,0,0,101,42,29,0,0,251,0,113,0
"Minnesota","Cook",2016,356,354,2,0,0,0,0,53,29,14,0,0,0,0,356,0
"Minnesota","Crow Wing",2016,357,334,23,0,0,0,0,84,45,29,0,0,152,0,205,0
"Minnesota","Dakota",2016,366,332,32,2,0,0,0,135,50,28,0,77,0,5,284,0
"Minnesota","Goodhue",2016,214,202,12,0,0,0,0,87,47,34,0,0,214,0,0,0
"Minnesota","Hennepin",2016,366,237,127,2,0,0,0,145,67,41,0,17,48,0,128,173
"Minnesota","Lake",2016,366,350,16,0,0,0,0,86,43,22,0,0,168,0,131,67
"Minnesota","Lyon",2016,356,336,19,1,0,0,0,110,46,30,0,0,194,0,162,0
"Minnesota","Mille Lacs",2016,211,204,7,0,0,0,0,77,41,30,0,0,211,0,0,0
"Minnesota","Olmsted",2016,366,329,36,1,0,0,0,104,51,33,0,0,184,1,181,0
"Minnesota","Ramsey",2016,366,318,46,1,1,0,0,151,53,29,1,0,0,0,336,29
"Minnesota","Saint Louis",2016,366,344,21,1,0,0,0,128,44,32,0,0,282,0,76,8
"Minnesota","Scott",2016,361,339,22,0,0,0,0,93,47,32,0,0,325,0,36,0
"Minnesota","Stearns",2016,366,338,28,0,0,0,0,97,48,30,0,0,195,0,171,0
"Minnesota","Washington",2016,366,267,98,1,0,0,0,126,60,38,0,0,124,0,205,37
"Minnesota","Winona",2016,46,43,3,0,0,0,0,68,44,19,0,0,0,0,46,0
"Minnesota","Wright",2016,361,329,30,2,0,0,0,140,50,31,0,0,178,0,183,0
"Mississippi","Bolivar",2016,244,222,22,0,0,0,0,93,50,39,0,0,244,0,0,0
"Mississippi","DeSoto",2016,325,259,65,1,0,0,0,115,59,40,0,0,127,0,198,0
"Mississippi","Forrest",2016,336,289,47,0,0,0,0,70,52,35,0,0,0,0,336,0
"Mississippi","Grenada",2016,109,99,10,0,0,0,0,64,50,31,0,0,0,0,109,0
"Mississippi","Hancock",2016,277,252,25,0,0,0,0,90,49,37,0,0,202,0,75,0
"Mississippi","Harrison",2016,359,315,44,0,0,0,0,97,53,37,0,0,183,0,176,0
"Mississippi","Hinds",2016,366,251,115,0,0,0,0,100,60,43,0,0,134,0,232,0
"Mississippi","Jackson",2016,363,326,37,0,0,0,0,93,51,35,0,58,223,23,59,0
"Mississippi","Lauderdale",2016,212,203,9,0,0,0,0,71,48,37,0,0,212,0,0,0
"Mississippi","Lee",2016,238,224,14,0,0,0,0,80,49,39,0,0,238,0,0,0
"Mississippi","Yalobusha",2016,360,353,7,0,0,0,0,64,46,33,0,0,360,0,0,0
"Missouri","Andrew",2016,214,188,26,0,0,0,0,100,58,40,0,0,214,0,0,0
"Missouri","Boone",2016,214,198,16,0,0,0,0,97,49,37,0,0,214,0,0,0
"Missouri","Buchanan",2016,363,307,56,0,0,0,0,95,53,33,0,0,0,0,323,40
"Missouri","Callaway",2016,214,200,13,1,0,0,0,101,49,38,0,0,214,0,0,0
"Missouri","Cass",2016,364,330,34,0,0,0,0,80,50,35,0,0,181,0,183,0
"Missouri","Cedar",2016,354,319,35,0,0,0,0,71,50,36,0,0,178,0,176,0
"Missouri","Clay",2016,361,305,53,3,0,0,0,119,60,38,0,0,200,0,161,0
"Missouri","Clinton",2016,214,176,35,3,0,0,0,129,67,42,0,0,214,0,0,0
"Missouri","Franklin",2016,254,253,1,0,0,0,0,62,10,1,0,0,0,254,0,0
"Missouri","Greene",2016,366,313,53,0,0,0,0,71,53,38,0,0,177,0,188,1
"Missouri","Iron",2016,366,359,7,0,0,0,0,87,21,4,0,0,0,366,0,0
"Missouri","Jackson",2016,366,291,74,1,0,0,0,105,57,38,0,80,0,1,247,38
"Missouri","Jasper",2016,361,319,41,1,0,0,0,110,51,34,0,0,191,0,0,170
"Missouri","Jefferson",2016,366,281,83,2,0,0,0,108,60,40,0,0,161,8,192,5
"Missouri","Lincoln",2016,214,182,31,1,0,0,0,101,61,39,0,0,214,0,0,0
"Missouri","Monroe",2016,366,353,13,0,0,0,0,87,44,32,0,0,362,0,0,4
"Missouri","Perry",2016,214,173,40,1,0,0,0,119,64,42,0,0,214,0,0,0
"Missouri","Saint Charles",2016,364,304,48,11,1,0,0,151,67,32,0,0,213,151,0,0
"Missouri","Saint Louis",2016,366,270,89,7,0,0,0,136,65,40,0,36,160,0,170,0
"Missouri","Sainte Genevieve",2016,214,185,27,2,0,0,0,105,54,39,0,0,214,0,0,0
"Missouri","St. Louis City",2016,366,236,127,2,1,0,0,159,62,45,0,22,133,0,198,13
"Missouri","Stoddard",2016,50,50,0,0,0,0,0,42,35,20,0,0,0,0,50,0
"Missouri","Taney",2016,244,235,9,0,0,0,0,61,46,36,0,0,214,0,30,0
"Montana","Cascade",2016,356,343,13,0,0,0,0,72,39,25,0,0,0,0,356,0
"Montana","Fergus",2016,366,356,10,0,0,0,0,87,44,36,0,0,340,0,24,2
"Montana","Flathead",2016,366,327,39,0,0,0,0,77,51,35,0,0,229,0,87,50
"Montana","Gallatin",2016,366,339,27,0,0,0,0,97,44,22,16,25,0,0,325,0
"Montana","Lake",2016,49,49,0,0,0,0,0,20,16,4,0,0,0,0,49,0
"Montana","Lewis and Clark",2016,366,316,43,7,0,0,0,146,53,40,0,0,272,0,94,0
"Montana","Lincoln",2016,366,265,101,0,0,0,0,99,67,33,0,0,0,0,362,4
"Montana","Missoula",2016,366,166,175,25,0,0,0,139,95,53,0,0,42,0,324,0
"Montana","Phillips",2016,366,353,13,0,0,0,0,95,44,33,0,0,315,0,51,0
"Montana","Powder River",2016,366,322,44,0,0,0,0,100,54,37,0,0,267,0,59,40
"Montana","Powell",2016,50,50,0,0,0,0,0,24,15,4,0,0,0,0,50,0
"Montana","Ravalli",2016,349,248,65,12,14,4,5,622,104,28,0,0,0,0,349,0
"Montana","Richland",2016,366,348,18,0,0,0,0,99,47,36,0,1,300,3,54,8
"Montana","Roosevelt",2016,41,39,2,0,0,0,0,77,19,9,0,0,0,0,41,0
"Montana","Rosebud",2016,366,331,35,0,0,0,0,99,50,38,0,0,302,0,31,33
"Montana","Sanders",2016,323,313,10,0,0,0,0,91,24,11,0,0,0,0,7,316
"Montana","Sheridan",2016,50,47,3,0,0,0,0,79,28,10,0,0,0,0,50,0
"Montana","Silver Bow",2016,366,310,56,0,0,0,0,94,59,22,0,0,0,0,326,40
"Montana","Yellowstone",2016,363,347,15,1,0,0,0,124,40,22,0,0,0,48,315,0
"Nebraska","Cass",2016,352,322,30,0,0,0,0,99,48,22,0,0,0,0,0,352
"Nebraska","Dawson",2016,12,12,0,0,0,0,0,49,46,14,0,0,0,0,0,12
"Nebraska","Douglas",2016,366,279,83,4,0,0,0,130,58,40,0,0,185,16,158,7
"Nebraska","Hall",2016,113,110,3,0,0,0,0,53,37,22,0,0,0,0,113,0
"Nebraska","Knox",2016,350,323,26,1,0,0,0,101,48,35,0,0,350,0,0,0
"Nebraska","Lancaster",2016,267,245,22,0,0,0,0,74,49,36,0,0,197,7,63,0
"Nebraska","Sarpy",2016,357,315,40,2,0,0,0,120,51,32,0,0,0,0,357,0
"Nebraska","Scotts Bluff",2016,87,83,4,0,0,0,0,57,41,19,0,0,0,0,87,0
"Nebraska","Thomas",2016,49,49,0,0,0,0,0,38,20,8,0,0,0,0,49,0
"Nebraska","Washington",2016,117,111,6,0,0,0,0,61,43,24,0,0,0,0,117,0
"Nevada","Carson City",2016,366,303,63,0,0,0,0,93,61,42,0,0,325,0,41,0
"Nevada","Churchill",2016,351,284,66,1,0,0,0,108,61,41,0,0,351,0,0,0
"Nevada","Clark",2016,366,125,215,25,0,1,0,268,93,58,0,19,220,0,121,6
"Nevada","Douglas",2016,336,300,35,1,0,0,0,105,53,26,0,0,0,0,336,0
"Nevada","Elko",2016,335,332,2,1,0,0,0,134,32,20,0,0,0,0,1,334
"Nevada","Lyon",2016,352,282,69,1,0,0,0,101,61,41,0,0,352,0,0,0
"Nevada","Nye",2016,366,349,15,1,0,0,1,349,35,15,0,0,0,0,0,366
"Nevada","Washoe",2016,366,234,125,7,0,0,0,108,77,46,0,13,280,0,61,12
"Nevada","White Pine",2016,360,299,61,0,0,0,0,93,58,43,0,0,358,0,2,0
"New Hampshire","Belknap",2016,257,241,16,0,0,0,0,84,49,33,0,0,180,0,77,0
"New Hampshire","Cheshire",2016,366,317,48,1,0,0,0,105,53,36,0,0,283,0,83,0
"New Hampshire","Coos",2016,365,303,58,4,0,0,0,119,61,44,0,0,365,0,0,0
"New Hampshire","Grafton",2016,366,347,19,0,0,0,0,77,45,33,0,0,289,0,77,0
"New Hampshire","Hillsborough",2016,366,333,30,3,0,0,0,108,50,37,0,0,354,0,12,0
"New Hampshire","Merrimack",2016,366,352,14,0,0,0,0,84,44,31,0,0,357,9,0,0
"New Hampshire","Rockingham",2016,366,320,44,2,0,0,0,122,54,38,0,0,300,0,66,0
"New Jersey","Atlantic",2016,366,316,49,1,0,0,0,129,54,38,0,0,281,2,83,0
"New Jersey","Bergen",2016,366,251,105,9,1,0,0,151,71,42,0,89,142,0,135,0
"New Jersey","Camden",2016,366,221,134,11,0,0,0,142,74,45,2,13,182,2,157,10
"New Jersey","Cumberland",2016,366,301,64,1,0,0,0,136,59,39,0,4,237,0,125,0
"New Jersey","Essex",2016,366,275,88,3,0,0,0,136,61,40,0,72,150,0,144,0
"New Jersey","Gloucester",2016,266,203,56,7,0,0,0,143,67,39,0,0,213,0,53,0
"New Jersey","Hudson",2016,366,260,104,2,0,0,0,119,64,42,0,64,132,0,170,0
"New Jersey","Hunterdon",2016,355,270,78,6,1,0,0,156,64,39,0,0,273,0,82,0
"New Jersey","Mercer",2016,366,256,97,12,1,0,0,151,64,42,0,0,225,0,141,0
"New Jersey","Middlesex",2016,366,273,81,11,1,0,0,151,71,40,0,14,229,0,123,0
"New Jersey","Monmouth",2016,236,204,29,3,0,0,0,136,58,37,0,0,236,0,0,0
"New Jersey","Morris",2016,364,322,39,2,1,0,0,151,54,34,0,14,324,0,26,0
"New Jersey","Ocean",2016,362,298,58,5,1,0,0,161,64,37,0,0,200,0,162,0
"New Jersey","Passaic",2016,270,220,45,5,0,0,0,136,61,39,0,0,221,0,49,0
"New Jersey","Union",2016,366,243,123,0,0,0,0,88,62,42,0,77,0,0,289,0
"New Jersey","Warren",2016,366,277,86,3,0,0,0,119,59,39,0,26,143,0,197,0
"New Mexico","Bernalillo",2016,366,193,170,3,0,0,0,143,71,50,0,1,232,0,74,59
"New Mexico","Catron",2016,51,51,0,0,0,0,0,46,19,8,0,0,0,0,51,0
"New Mexico","Chaves",2016,48,48,0,0,0,0,0,48,30,12,0,0,0,0,48,0
"New Mexico","Dona Ana",2016,366,154,197,12,2,0,0,585,87,54,0,0,216,0,70,80
"New Mexico","Eddy",2016,362,292,70,0,0,0,0,100,61,44,0,2,360,0,0,0
"New Mexico","Lea",2016,364,312,52,0,0,0,0,97,58,41,0,1,349,0,14,0
"New Mexico","Lincoln",2016,51,50,1,0,0,0,0,70,19,9,0,0,0,0,51,0
"New Mexico","Los Alamos",2016,51,51,0,0,0,0,0,19,13,6,0,0,0,0,51,0
"New Mexico","Luna",2016,360,338,19,1,2,0,0,162,39,17,0,0,0,0,0,360
"New Mexico","Rio Arriba",2016,361,303,58,0,0,0,0,80,54,44,0,0,359,0,2,0
"New Mexico","San Juan",2016,366,273,91,2,0,0,0,108,71,44,0,7,357,0,0,2
"New Mexico","Sandoval",2016,361,292,69,0,0,0,0,90,61,42,0,0,361,0,0,0
"New Mexico","Santa Fe",2016,366,301,65,0,0,0,0,90,61,43,0,0,363,0,3,0
"New Mexico","Socorro",2016,38,38,0,0,0,0,0,27,18,10,0,0,0,0,38,0
"New Mexico","Taos",2016,361,359,2,0,0,0,0,54,25,12,0,0,0,0,361,0
"New Mexico","Valencia",2016,362,280,82,0,0,0,0,97,61,43,0,0,362,0,0,0
"New York","Albany",2016,366,313,51,2,0,0,0,119,58,36,0,0,268,0,98,0
"New York","Bronx",2016,366,281,81,4,0,0,0,140,64,41,0,71,176,0,119,0
"New York","Chautauqua",2016,366,324,39,3,0,0,0,140,54,37,0,0,352,3,11,0
"New York","Dutchess",2016,362,333,24,5,0,0,0,122,49,34,0,0,353,9,0,0
"New York","Erie",2016,366,281,79,6,0,0,0,136,61,41,0,21,192,3,150,0
"New York","Essex",2016,366,333,31,2,0,0,0,112,49,39,0,0,365,0,1,0
"New York","Franklin",2016,366,365,1,0,0,0,0,51,36,20,0,142,198,26,0,0
"New York","Hamilton",2016,343,328,13,2,0,0,0,112,44,33,0,0,324,19,0,0
"New York","Herkimer",2016,353,343,6,4,0,0,0,108,43,32,0,0,347,6,0,0
"New York","Jefferson",2016,332,307,23,2,0,0,0,122,48,34,0,0,332,0,0,0
"New York","Kings",2016,366,325,41,0,0,0,0,80,52,28,0,0,0,0,366,0
"New York","Monroe",2016,366,313,51,2,0,0,0,122,56,38,0,6,220,4,136,0
"New York","Nassau",2016,366,337,29,0,0,0,0,69,48,23,0,0,0,15,351,0
"New York","New York",2016,366,247,115,4,0,0,0,126,67,43,0,0,157,0,209,0
"New York","Niagara",2016,220,197,20,3,0,0,0,119,54,39,0,0,220,0,0,0
"New York","Oneida",2016,362,342,20,0,0,0,0,64,43,20,0,0,0,0,362,0
"New York","Onondaga",2016,366,339,25,2,0,0,0,122,49,34,0,0,315,0,51,0
"New York","Orange",2016,366,329,36,1,0,0,0,112,51,36,0,0,273,0,93,0
"New York","Oswego",2016,283,261,21,1,0,0,0,101,47,34,0,0,283,0,0,0
"New York","Putnam",2016,361,322,34,4,1,0,0,156,51,35,0,0,356,5,0,0
"New York","Queens",2016,366,286,74,6,0,0,0,143,64,39,0,62,200,0,104,0
"New York","Richmond",2016,366,278,78,9,1,0,0,151,66,40,0,0,220,0,146,0
"New York","Rockland",2016,363,303,56,4,0,0,0,136,61,36,0,0,291,0,72,0
"New York","Saratoga",2016,350,328,19,3,0,0,0,119,48,33,0,0,350,0,0,0
"New York","Steuben",2016,363,335,26,2,0,0,0,122,49,36,3,0,304,1,55,0
"New York","Suffolk",2016,366,298,60,8,0,0,0,150,58,40,0,0,280,0,86,0
"New York","Tompkins",2016,361,331,28,2,0,0,0,122,48,36,0,0,361,0,0,0
"New York","Wayne",2016,351,321,28,2,0,0,0,136,48,34,0,0,351,0,0,0
"New York","Westchester",2016,366,300,60,6,0,0,0,140,64,37,0,0,277,0,89,0
"North Carolina","Alexander",2016,278,246,32,0,0,0,0,100,51,39,0,0,212,0,0,66
"North Carolina","Avery",2016,354,314,37,3,0,0,0,108,51,41,0,0,352,0,2,0
"North Carolina","Beaufort",2016,344,343,1,0,0,0,0,62,11,0,0,0,0,344,0,0
"North Carolina","Brunswick",2016,74,64,8,2,0,0,0,128,65,0,0,0,0,74,0,0
"North Carolina","Buncombe",2016,366,300,58,4,4,0,0,167,58,38,0,0,163,0,203,0
"North Carolina","Caldwell",2016,264,230,34,0,0,0,0,90,51,40,0,0,214,50,0,0
"North Carolina","Carteret",2016,327,308,19,0,0,0,0,93,47,36,0,0,327,0,0,0
"North Carolina","Caswell",2016,329,303,26,0,0,0,0,97,49,32,0,0,207,0,4,118
"North Carolina","Catawba",2016,358,276,79,1,2,0,0,153,55,36,0,0,0,0,358,0
"North Carolina","Cumberland",2016,366,286,80,0,0,0,0,93,57,41,0,0,170,8,186,2
"North Carolina","Davidson",2016,362,279,83,0,0,0,0,93,56,35,0,0,0,0,362,0
"North Carolina","Durham",2016,366,272,93,1,0,0,0,119,58,41,0,0,152,0,214,0
"North Carolina","Edgecombe",2016,356,305,51,0,0,0,0,97,54,34,0,0,173,0,183,0
"North Carolina","Forsyth",2016,366,269,94,3,0,0,0,119,64,42,0,19,191,0,156,0
"North Carolina","Graham",2016,213,162,50,1,0,0,0,112,64,45,0,0,213,0,0,0
"North Carolina","Granville",2016,213,179,34,0,0,0,0,97,61,41,0,0,213,0,0,0
"North Carolina","Guilford",2016,366,272,90,4,0,0,0,133,64,42,0,0,169,0,190,7
"North Carolina","Haywood",2016,245,191,51,3,0,0,0,136,64,44,0,0,213,0,32,0
"North Carolina","Hyde",2016,49,47,2,0,0,0,0,54,42,18,0,0,0,0,49,0
"North Carolina","Jackson",2016,271,179,83,7,2,0,0,154,71,45,0,0,209,0,62,0
"North Carolina","Johnston",2016,304,238,65,1,0,0,0,107,56,40,0,0,168,0,136,0
"North Carolina","Lee",2016,363,279,84,0,0,0,0,100,58,43,0,0,190,0,173,0
"North Carolina","Lenoir",2016,193,171,22,0,0,0,0,97,51,40,0,0,193,0,0,0
"North Carolina","Lincoln",2016,211,173,36,1,1,0,0,156,61,44,0,0,211,0,0,0
"North Carolina","Macon",2016,345,321,23,1,0,0,0,101,48,35,0,0,345,0,0,0
"North Carolina","Martin",2016,277,264,13,0,0,0,0,97,46,33,0,0,197,64,0,16
"North Carolina","Mecklenburg",2016,366,244,115,6,1,0,0,154,77,44,0,8,225,0,133,0
"North Carolina","Mitchell",2016,232,207,21,1,3,0,0,159,52,28,0,0,0,0,232,0
"North Carolina","Montgomery",2016,365,324,41,0,0,0,0,87,51,37,0,0,268,0,97,0
"North Carolina","New Hanover",2016,361,331,30,0,0,0,0,90,49,31,0,0,172,16,173,0
"North Carolina","Person",2016,214,192,21,1,0,0,0,101,51,40,0,0,214,0,0,0
"North Carolina","Pitt",2016,288,242,46,0,0,0,0,100,55,38,0,0,155,0,133,0
"North Carolina","Rockingham",2016,212,183,28,1,0,0,0,101,58,42,0,0,212,0,0,0
"North Carolina","Rowan",2016,360,313,47,0,0,0,0,97,58,37,0,0,360,0,0,0
"North Carolina","Swain",2016,365,280,73,8,4,0,0,174,59,40,0,0,178,0,187,0
"North Carolina","Union",2016,209,165,41,3,0,0,0,108,67,44,0,0,209,0,0,0
"North Carolina","Wake",2016,366,238,125,3,0,0,0,135,64,46,0,2,167,0,197,0
"North Carolina","Yancey",2016,204,145,55,4,0,0,0,115,67,46,0,0,204,0,0,0
"North Dakota","Billings",2016,366,356,10,0,0,0,0,91,44,34,0,0,349,1,16,0
"North Dakota","Burke",2016,365,356,9,0,0,0,0,75,43,32,0,0,324,3,36,2
"North Dakota","Burleigh",2016,337,329,7,1,0,0,0,117,41,30,0,9,239,0,61,28
"North Dakota","Cass",2016,366,324,42,0,0,0,0,86,52,34,0,1,207,0,138,20
"North Dakota","Dunn",2016,366,356,10,0,0,0,0,89,44,34,0,0,303,0,58,5
"North Dakota","McKenzie",2016,366,359,7,0,0,0,0,87,44,33,0,1,344,0,21,0
"North Dakota","Mercer",2016,366,356,9,1,0,0,0,107,44,32,0,5,325,11,25,0
"North Dakota","Oliver",2016,366,357,9,0,0,0,0,91,44,32,0,0,333,1,31,1
"North Dakota","Stutsman",2016,366,357,9,0,0,0,0,88,26,9,0,0,0,34,0,332
"North Dakota","Williams",2016,366,346,18,2,0,0,0,106,45,31,0,0,282,25,42,17
"Ohio","Adams",2016,366,358,8,0,0,0,0,80,37,23,0,0,0,6,360,0
"Ohio","Allen",2016,366,316,47,3,0,0,0,122,58,34,0,0,206,0,160,0
"Ohio","Ashtabula",2016,366,324,36,6,0,0,0,126,54,30,0,0,213,153,0,0
"Ohio","Athens",2016,60,58,2,0,0,0,0,56,42,27,0,0,0,0,60,0
"Ohio","Belmont",2016,366,345,21,0,0,0,0,100,43,17,1,257,0,1,101,6
"Ohio","Butler",2016,366,259,96,11,0,0,0,136,74,42,0,0,284,12,67,3
"Ohio","Clark",2016,366,270,90,6,0,0,0,119,65,42,0,0,173,3,190,0
"Ohio","Clermont",2016,366,242,119,5,0,0,0,133,67,44,0,0,146,0,220,0
"Ohio","Clinton",2016,211,154,53,4,0,0,0,112,74,44,0,0,211,0,0,0
"Ohio","Columbiana",2016,365,364,1,0,0,0,0,52,16,1,0,0,0,305,0,60
"Ohio","Cuyahoga",2016,366,207,148,6,5,0,0,200,74,47,0,12,136,32,179,7
"Ohio","Delaware",2016,212,179,32,1,0,0,0,112,67,41,0,0,212,0,0,0
"Ohio","Fayette",2016,353,310,42,1,0,0,0,108,54,37,0,0,353,0,0,0
"Ohio","Franklin",2016,366,274,83,9,0,0,0,126,64,42,0,38,183,0,144,1
"Ohio","Geauga",2016,214,155,49,10,0,0,0,140,74,44,0,0,214,0,0,0
"Ohio","Greene",2016,366,285,80,1,0,0,0,105,64,40,0,0,185,0,181,0
"Ohio","Hamilton",2016,366,199,155,12,0,0,0,140,74,49,0,28,140,0,198,0
"Ohio","Jefferson",2016,366,194,168,4,0,0,0,105,68,49,0,0,105,8,253,0
"Ohio","Knox",2016,213,175,38,0,0,0,0,100,64,41,0,0,213,0,0,0
"Ohio","Lake",2016,366,275,78,13,0,0,0,143,71,39,1,0,171,11,183,0
"Ohio","Lawrence",2016,366,288,75,3,0,0,0,119,58,39,0,0,147,0,219,0
"Ohio","Licking",2016,214,172,39,3,0,0,0,108,64,43,0,0,214,0,0,0
"Ohio","Lorain",2016,365,316,47,2,0,0,0,115,54,34,0,0,205,0,159,1
"Ohio","Lucas",2016,366,288,74,4,0,0,0,112,61,39,0,0,181,32,153,0
"Ohio","Madison",2016,213,161,50,2,0,0,0,112,64,43,0,0,213,0,0,0
"Ohio","Mahoning",2016,366,311,55,0,0,0,0,75,53,35,0,0,64,0,302,0
"Ohio","Medina",2016,362,285,76,1,0,0,0,105,59,40,0,0,183,0,179,0
"Ohio","Meigs",2016,187,185,2,0,0,0,0,64,13,1,0,0,0,187,0,0
"Ohio","Miami",2016,213,164,46,3,0,0,0,101,67,43,0,0,213,0,0,0
"Ohio","Montgomery",2016,366,276,84,6,0,0,0,112,67,41,0,0,178,0,188,0
"Ohio","Morgan",2016,363,363,0,0,0,0,0,40,9,1,0,0,0,363,0,0
"Ohio","Noble",2016,339,301,36,2,0,0,0,105,51,37,0,0,330,0,9,0
"Ohio","Portage",2016,247,223,24,0,0,0,0,90,50,37,0,0,202,0,45,0
"Ohio","Preble",2016,366,295,70,1,0,0,0,105,61,40,0,0,265,2,99,0
"Ohio","Scioto",2016,366,355,10,1,0,0,0,129,42,15,0,0,0,38,116,212
"Ohio","Stark",2016,366,267,93,6,0,0,0,119,67,40,2,0,174,0,190,0
"Ohio","Summit",2016,366,260,105,1,0,0,0,112,61,43,0,0,96,0,270,0
"Ohio","Trumbull",2016,366,300,61,5,0,0,0,133,61,39,0,0,185,0,178,3
"Ohio","Warren",2016,360,238,113,9,0,0,0,129,71,44,0,0,176,0,184,0
"Ohio","Washington",2016,214,189,25,0,0,0,0,90,54,40,0,0,214,0,0,0
"Ohio","Wood",2016,214,170,41,3,0,0,0,115,64,41,0,0,214,0,0,0
"Oklahoma","Adair",2016,366,316,50,0,0,0,0,90,54,39,0,0,263,0,102,1
"Oklahoma","Caddo",2016,137,134,3,0,0,0,0,61,44,33,0,0,137,0,0,0
"Oklahoma","Canadian",2016,358,333,25,0,0,0,0,97,49,36,0,50,308,0,0,0
"Oklahoma","Carter",2016,298,249,46,3,0,0,0,129,61,41,0,0,255,0,43,0
"Oklahoma","Cherokee",2016,269,250,19,0,0,0,0,77,49,38,0,0,269,0,0,0
"Oklahoma","Cleveland",2016,365,312,52,1,0,0,0,101,55,40,0,0,260,0,105,0
"Oklahoma","Comanche",2016,366,320,46,0,0,0,0,87,52,40,0,0,280,0,86,0
"Oklahoma","Cotton",2016,265,238,27,0,0,0,0,90,51,39,0,0,265,0,0,0
"Oklahoma","Creek",2016,334,301,33,0,0,0,0,87,50,39,0,0,334,0,0,0
"Oklahoma","Custer",2016,360,357,3,0,0,0,0,64,25,15,0,0,0,0,0,360
"Oklahoma","Dewey",2016,361,319,42,0,0,0,0,87,51,40,0,0,285,0,76,0
"Oklahoma","Grady",2016,286,286,0,0,0,0,0,33,16,9,0,286,0,0,0,0
"Oklahoma","Johnston",2016,218,199,18,1,0,0,0,108,50,39,0,0,218,0,0,0
"Oklahoma","Kay",2016,361,252,106,3,0,0,0,126,59,43,0,0,122,5,234,0
"Oklahoma","Lincoln",2016,365,329,35,1,0,0,0,105,50,37,0,0,282,0,77,6
"Oklahoma","Mayes",2016,294,264,30,0,0,0,0,93,51,38,0,0,294,0,0,0
"Oklahoma","McClain",2016,362,335,27,0,0,0,0,87,48,37,0,0,362,0,0,0
"Oklahoma","Muskogee",2016,364,350,13,1,0,0,0,101,35,18,0,0,0,70,0,294
"Oklahoma","Oklahoma",2016,366,275,90,1,0,0,0,129,64,43,0,27,235,0,102,2
"Oklahoma","Osage",2016,198,173,25,0,0,0,0,93,58,38,0,0,198,0,0,0
"Oklahoma","Ottawa",2016,366,296,70,0,0,0,0,79,56,40,0,0,143,0,221,2
"Oklahoma","Pittsburg",2016,366,307,59,0,0,0,0,83,55,40,0,0,244,0,122,0
"Oklahoma","Sequoyah",2016,361,331,30,0,0,0,0,74,49,37,0,56,232,0,67,6
"Oklahoma","Tulsa",2016,366,239,124,2,1,0,0,164,65,45,0,1,195,0,170,0
"Oklahoma","Washington",2016,274,215,59,0,0,0,0,100,58,42,0,0,181,0,93,0
"Oregon","Baker",2016,362,334,28,0,0,0,0,74,47,28,0,0,0,0,362,0
"Oregon","Benton",2016,194,185,9,0,0,0,0,64,38,15,0,0,0,0,194,0
"Oregon","Clackamas",2016,188,175,12,1,0,0,0,108,45,31,0,0,153,0,35,0
"Oregon","Columbia",2016,348,344,4,0,0,0,0,61,38,23,0,0,146,0,202,0
"Oregon","Crook",2016,348,284,63,1,0,0,0,115,57,30,0,0,0,0,348,0
"Oregon","Deschutes",2016,327,322,5,0,0,0,0,61,37,22,0,0,0,0,327,0
"Oregon","Douglas",2016,339,325,14,0,0,0,0,65,38,24,0,0,0,0,339,0
"Oregon","Grant",2016,341,283,58,0,0,0,0,83,55,30,0,0,0,0,341,0
"Oregon","Harney",2016,357,276,80,1,0,0,0,115,67,28,0,0,0,0,357,0
"Oregon","Jackson",2016,366,305,61,0,0,0,0,81,55,35,0,0,94,0,272,0
"Oregon","Josephine",2016,366,318,48,0,0,0,0,86,53,29,0,0,0,0,366,0
"Oregon","Klamath",2016,363,290,73,0,0,0,0,91,63,30,0,0,0,0,363,0
"Oregon","Lake",2016,360,318,40,1,1,0,0,158,53,26,0,0,0,0,360,0
"Oregon","Lane",2016,366,302,63,1,0,0,0,108,58,34,0,0,141,0,223,2
"Oregon","Linn",2016,366,333,33,0,0,0,0,78,50,19,0,0,0,0,366,0
"Oregon","Marion",2016,361,325,36,0,0,0,0,97,50,30,0,0,147,0,214,0
"Oregon","Multnomah",2016,366,348,17,1,0,0,0,108,44,31,0,14,252,0,100,0
"Oregon","Umatilla",2016,366,321,44,1,0,0,0,112,52,31,0,0,106,0,260,0
"Oregon","Union",2016,363,327,36,0,0,0,0,99,49,26,0,0,0,0,363,0
"Oregon","Wallowa",2016,357,326,31,0,0,0,0,75,47,24,0,0,0,0,357,0
"Oregon","Wasco",2016,358,322,36,0,0,0,0,77,51,32,0,0,121,0,237,0
"Oregon","Washington",2016,366,322,44,0,0,0,0,82,52,31,0,38,195,0,133,0
"Pennsylvania","Adams",2016,366,284,77,5,0,0,0,119,67,42,0,0,290,0,76,0
"Pennsylvania","Allegheny",2016,366,177,168,20,1,0,0,152,87,51,0,0,130,20,216,0
"Pennsylvania","Armstrong",2016,365,222,138,5,0,0,0,119,67,46,0,0,197,0,168,0
"Pennsylvania","Beaver",2016,366,232,130,4,0,0,0,126,67,45,0,1,225,3,137,0
"Pennsylvania","Berks",2016,366,222,137,7,0,0,0,129,68,46,0,0,150,0,216,0
"Pennsylvania","Blair",2016,366,285,79,2,0,0,0,122,59,40,0,0,194,0,169,3
"Pennsylvania","Bradford",2016,358,315,43,0,0,0,0,97,52,38,0,1,208,0,149,0
"Pennsylvania","Bucks",2016,358,309,40,9,0,0,0,147,61,33,0,0,347,11,0,0
"Pennsylvania","Cambria",2016,365,261,104,0,0,0,0,97,65,43,0,5,206,2,151,1
"Pennsylvania","Centre",2016,366,290,74,2,0,0,0,122,59,40,0,1,261,0,104,0
"Pennsylvania","Chester",2016,365,228,128,9,0,0,0,143,67,45,0,0,189,0,176,0
"Pennsylvania","Clearfield",2016,338,305,32,1,0,0,0,119,50,38,0,0,338,0,0,0
"Pennsylvania","Cumberland",2016,365,276,88,1,0,0,0,116,60,39,0,0,0,0,365,0
"Pennsylvania","Dauphin",2016,366,250,110,6,0,0,0,115,67,42,0,0,208,0,158,0
"Pennsylvania","Delaware",2016,366,200,161,5,0,0,0,136,72,48,0,4,140,0,222,0
"Pennsylvania","Elk",2016,346,321,22,3,0,0,0,126,50,37,0,0,346,0,0,0
"Pennsylvania","Erie",2016,366,295,69,2,0,0,0,129,56,39,0,2,234,0,130,0
"Pennsylvania","Franklin",2016,337,325,12,0,0,0,0,74,44,33,0,0,337,0,0,0
"Pennsylvania","Greene",2016,355,312,42,1,0,0,0,105,54,37,0,0,308,1,46,0
"Pennsylvania","Indiana",2016,366,317,45,4,0,0,0,136,58,38,0,0,346,20,0,0
"Pennsylvania","Lackawanna",2016,366,292,70,4,0,0,0,129,62,41,0,4,234,0,128,0
"Pennsylvania","Lancaster",2016,366,187,173,6,0,0,0,136,74,50,0,0,138,0,228,0
"Pennsylvania","Lawrence",2016,362,331,30,1,0,0,0,112,49,33,0,0,345,17,0,0
"Pennsylvania","Lebanon",2016,366,189,170,7,0,0,0,122,67,50,0,0,119,0,247,0
"Pennsylvania","Lehigh",2016,366,231,129,6,0,0,0,129,65,44,0,0,152,0,209,5
"Pennsylvania","Luzerne",2016,366,336,29,1,0,0,0,119,48,34,0,0,348,0,0,18
"Pennsylvania","Lycoming",2016,366,335,30,1,0,0,0,108,49,34,0,0,353,0,0,13
"Pennsylvania","Mercer",2016,366,264,99,3,0,0,0,143,65,42,0,0,246,0,120,0
"Pennsylvania","Monroe",2016,366,310,53,3,0,0,0,140,58,40,0,0,257,0,109,0
"Pennsylvania","Montgomery",2016,331,280,46,5,0,0,0,140,58,34,0,0,317,14,0,0
"Pennsylvania","Northampton",2016,366,208,148,9,0,1,0,217,74,48,0,1,188,1,176,0
"Pennsylvania","Philadelphia",2016,366,191,166,9,0,0,0,147,77,49,0,12,151,0,203,0
"Pennsylvania","Somerset",2016,357,324,32,1,0,0,0,105,50,36,0,0,357,0,0,0
"Pennsylvania","Tioga",2016,366,313,51,2,0,0,0,112,55,39,0,1,308,0,57,0
"Pennsylvania","Warren",2016,366,352,14,0,0,0,0,99,34,9,0,0,0,366,0,0
"Pennsylvania","Washington",2016,366,209,153,4,0,0,0,129,66,48,0,0,134,2,230,0
"Pennsylvania","Westmoreland",2016,366,218,143,5,0,0,0,112,66,45,0,0,158,0,208,0
"Pennsylvania","York",2016,366,236,125,5,0,0,0,133,67,44,0,5,207,0,154,0
"Puerto Rico","Adjuntas",2016,97,90,7,0,0,0,0,72,47,21,0,0,0,0,97,0
"Puerto Rico","Bayamon",2016,286,223,61,1,1,0,0,177,54,24,73,0,142,0,71,0
"Puerto Rico","Caguas",2016,11,9,1,1,0,0,0,112,52,25,0,11,0,0,0,0
"Puerto Rico","Catano",2016,366,348,15,1,1,1,0,203,38,22,0,0,123,4,126,113
"Puerto Rico","Fajardo",2016,242,227,14,1,0,0,0,127,43,22,0,0,0,0,77,165
"Puerto Rico","Guayama",2016,102,91,11,0,0,0,0,70,52,21,0,0,0,0,101,1
"Puerto Rico","Guayanilla",2016,111,99,12,0,0,0,0,70,51,23,0,0,0,0,111,0
"Puerto Rico","Guaynabo",2016,364,340,23,1,0,0,0,119,38,14,0,235,0,0,102,27
"Puerto Rico","Juncos",2016,312,288,4,14,5,1,0,225,29,6,0,0,212,100,0,0
"Puerto Rico","Ponce",2016,364,341,23,0,0,0,0,70,44,23,4,0,0,0,85,275
"Puerto Rico","Salinas",2016,303,299,3,1,0,0,0,122,3,0,0,0,0,303,0,0
"Puerto Rico","San Juan",2016,310,310,0,0,0,0,0,36,19,15,310,0,0,0,0,0
"Rhode Island","Kent",2016,354,313,36,5,0,0,0,147,52,33,0,0,231,0,123,0
"Rhode Island","Providence",2016,366,281,81,4,0,0,0,140,61,42,0,37,170,0,159,0
"Rhode Island","Washington",2016,361,327,30,3,1,0,0,151,50,36,0,0,237,0,124,0
"South Carolina","Abbeville",2016,311,285,26,0,0,0,0,87,49,39,0,0,311,0,0,0
"South Carolina","Aiken",2016,242,217,25,0,0,0,0,84,51,40,0,0,242,0,0,0
"South Carolina","Anderson",2016,256,240,16,0,0,0,0,90,49,41,0,0,256,0,0,0
"South Carolina","Berkeley",2016,196,186,10,0,0,0,0,74,47,34,0,0,196,0,0,0
"South Carolina","Charleston",2016,357,310,42,3,2,0,0,158,53,37,0,4,136,0,215,2
"South Carolina","Cherokee",2016,172,148,23,1,0,0,0,101,54,41,0,0,172,0,0,0
"South Carolina","Chesterfield",2016,356,297,58,1,0,0,0,139,54,38,0,0,230,0,124,2
"South Carolina","Colleton",2016,343,304,36,2,1,0,0,152,52,34,0,0,196,0,147,0
"South Carolina","Darlington",2016,241,220,21,0,0,0,0,87,50,39,0,0,241,0,0,0
"South Carolina","Edgefield",2016,347,295,47,3,2,0,0,166,58,40,0,0,232,0,115,0
"South Carolina","Florence",2016,232,207,25,0,0,0,0,83,51,31,0,0,0,0,232,0
"South Carolina","Georgetown",2016,325,322,3,0,0,0,0,62,28,16,0,0,0,0,0,325
"South Carolina","Greenville",2016,366,266,94,4,2,0,0,188,64,44,0,4,205,0,156,1
"South Carolina","Horry",2016,136,136,0,0,0,0,0,39,33,26,0,0,136,0,0,0
"South Carolina","Lexington",2016,362,294,66,0,2,0,0,166,56,35,0,0,0,2,351,9
"South Carolina","Oconee",2016,362,324,36,2,0,0,0,133,51,40,0,0,287,13,62,0
"South Carolina","Pickens",2016,259,213,45,1,0,0,0,108,61,44,0,0,259,0,0,0
"South Carolina","Richland",2016,366,274,87,3,2,0,0,168,59,44,0,1,226,0,139,0
"South Carolina","Spartanburg",2016,352,241,109,2,0,0,0,126,61,44,0,0,130,0,222,0
"South Carolina","York",2016,325,295,29,1,0,0,0,105,50,39,0,0,325,0,0,0
"South Dakota","Brookings",2016,365,342,22,1,0,0,0,101,47,34,0,0,289,0,51,25
"South Dakota","Brown",2016,119,113,6,0,0,0,0,76,42,20,0,0,0,0,105,14
"South Dakota","Codington",2016,366,335,31,0,0,0,0,73,48,24,0,0,0,0,206,160
"South Dakota","Custer",2016,366,344,22,0,0,0,0,97,48,39,0,0,351,0,14,1
"South Dakota","Hughes",2016,352,347,5,0,0,0,0,65,30,17,0,0,0,0,352,0
"South Dakota","Jackson",2016,364,348,16,0,0,0,0,97,48,37,0,0,352,0,12,0
"South Dakota","Meade",2016,366,354,12,0,0,0,0,74,45,35,0,0,345,0,0,21
"South Dakota","Minnehaha",2016,366,312,52,2,0,0,0,105,55,38,0,2,261,0,96,7
"South Dakota","Pennington",2016,366,309,56,1,0,0,0,101,55,30,0,41,0,0,150,175
"South Dakota","Union",2016,366,324,40,2,0,0,0,112,52,35,0,1,235,0,111,19
"Tennessee","Anderson",2016,356,317,39,0,0,0,0,93,51,35,0,0,219,137,0,0
"Tennessee","Blount",2016,366,295,65,4,2,0,0,159,61,43,0,0,344,0,22,0
"Tennessee","Bradley",2016,115,115,0,0,0,0,0,17,6,1,0,0,0,115,0,0
"Tennessee","Claiborne",2016,344,321,22,1,0,0,0,108,48,38,0,0,344,0,0,0
"Tennessee","Davidson",2016,366,249,112,4,0,1,0,217,61,44,0,41,120,0,205,0
"Tennessee","DeKalb",2016,351,330,21,0,0,0,0,84,49,37,0,0,351,0,0,0
"Tennessee","Dyer",2016,96,95,1,0,0,0,0,55,42,25,0,0,0,0,96,0
"Tennessee","Hamilton",2016,288,200,85,2,1,0,0,177,67,45,0,0,232,0,56,0
"Tennessee","Jefferson",2016,239,158,79,2,0,0,0,133,74,47,0,0,239,0,0,0
"Tennessee","Knox",2016,366,237,122,4,3,0,0,169,67,46,0,0,191,0,167,8
"Tennessee","Lawrence",2016,116,114,2,0,0,0,0,80,46,25,0,0,0,0,116,0
"Tennessee","Loudon",2016,280,200,71,7,2,0,0,164,74,45,0,0,223,0,57,0
"Tennessee","Madison",2016,115,111,4,0,0,0,0,57,42,25,0,0,0,0,115,0
"Tennessee","Maury",2016,110,105,5,0,0,0,0,78,42,25,0,0,0,0,110,0
"Tennessee","McMinn",2016,200,182,17,0,1,0,0,167,49,20,0,0,0,81,119,0
"Tennessee","Montgomery",2016,323,295,28,0,0,0,0,65,49,31,0,0,0,30,289,4
"Tennessee","Putnam",2016,122,116,6,0,0,0,0,87,46,29,0,0,0,0,122,0
"Tennessee","Roane",2016,117,96,20,0,1,0,0,162,56,31,0,0,0,0,106,11
"Tennessee","Sevier",2016,358,297,58,3,0,0,0,112,58,44,0,0,358,0,0,0
"Tennessee","Shelby",2016,366,276,84,6,0,0,0,136,61,42,0,5,253,0,108,0
"Tennessee","Sullivan",2016,366,235,106,24,1,0,0,155,91,45,1,23,174,149,19,0
"Tennessee","Sumner",2016,285,235,49,1,0,0,0,105,61,42,0,0,226,0,59,0
"Tennessee","Union",2016,20,20,0,0,0,0,0,19,17,11,0,0,0,0,0,20
"Tennessee","Williamson",2016,244,219,24,1,0,0,0,108,51,40,0,0,244,0,0,0
"Tennessee","Wilson",2016,225,186,39,0,0,0,0,97,61,41,0,0,225,0,0,0
"Texas","Bell",2016,365,331,34,0,0,0,0,100,50,38,0,0,365,0,0,0
"Texas","Bexar",2016,366,268,92,5,1,0,0,160,64,43,0,5,222,0,139,0
"Texas","Bowie",2016,273,221,52,0,0,0,0,76,54,36,0,0,0,0,273,0
"Texas","Brazoria",2016,366,313,50,3,0,0,0,115,61,36,0,2,364,0,0,0
"Texas","Brewster",2016,359,321,38,0,0,0,0,84,51,39,0,0,327,0,32,0
"Texas","Cameron",2016,366,277,87,2,0,0,0,110,63,40,0,0,166,0,200,0
"Texas","Collin",2016,363,318,41,4,0,0,0,119,58,37,0,0,363,0,0,0
"Texas","Culberson",2016,49,49,0,0,0,0,0,43,29,15,0,0,0,0,49,0
"Texas","Dallas",2016,366,264,99,3,0,0,0,140,64,43,0,24,196,0,143,3
"Texas","Denton",2016,366,291,64,11,0,0,0,143,64,40,0,5,284,0,77,0
"Texas","Ector",2016,365,336,28,1,0,0,0,102,49,27,0,0,0,0,365,0
"Texas","El Paso",2016,366,198,162,6,0,0,0,147,74,49,0,23,190,0,152,1
"Texas","Ellis",2016,366,302,64,0,0,0,0,100,56,40,0,3,217,0,146,0
"Texas","Fayette",2016,361,336,25,0,0,0,0,84,45,25,0,0,0,0,361,0
"Texas","Galveston",2016,366,287,73,6,0,0,0,147,67,42,0,4,278,2,82,0
"Texas","Gregg",2016,366,333,33,0,0,0,0,100,50,37,0,1,359,6,0,0
"Texas","Harris",2016,366,199,150,16,1,0,0,159,80,49,0,27,166,0,168,5
"Texas","Harrison",2016,366,328,38,0,0,0,0,76,51,37,0,0,228,1,136,1
"Texas","Hidalgo",2016,366,289,76,1,0,0,0,114,61,36,0,0,179,0,184,3
"Texas","Hood",2016,365,339,25,1,0,0,0,133,49,35,0,0,365,0,0,0
"Texas","Howard",2016,28,24,4,0,0,0,0,72,54,20,0,0,0,28,0,0
"Texas","Hunt",2016,366,351,15,0,0,0,0,67,47,35,0,1,365,0,0,0
"Texas","Hutchinson",2016,59,48,3,8,0,0,0,149,107,4,0,0,0,59,0,0
"Texas","Jefferson",2016,366,267,87,11,1,0,0,160,71,43,0,0,229,35,102,0
"Texas","Johnson",2016,357,300,53,4,0,0,0,150,64,40,0,0,357,0,0,0
"Texas","Kaufman",2016,366,329,37,0,0,0,0,80,51,37,0,1,246,0,119,0
"Texas","Kleberg",2016,153,128,25,0,0,0,0,92,53,28,0,0,0,0,153,0
"Texas","Lubbock",2016,119,118,1,0,0,0,0,54,33,21,0,0,0,0,119,0
"Texas","Maverick",2016,322,278,44,0,0,0,0,82,53,27,0,0,0,0,322,0
"Texas","McLennan",2016,365,339,26,0,0,0,0,74,47,35,0,3,322,0,40,0
"Texas","Milam",2016,42,42,0,0,0,0,0,33,10,0,0,0,0,42,0,0
"Texas","Montgomery",2016,366,280,82,4,0,0,0,133,61,43,0,0,215,0,151,0
"Texas","Navarro",2016,366,303,63,0,0,0,0,83,55,39,0,0,231,13,122,0
"Texas","Nueces",2016,366,307,59,0,0,0,0,93,57,37,0,0,259,0,107,0
"Texas","Orange",2016,366,332,33,1,0,0,0,101,50,35,0,0,230,11,125,0
"Texas","Parker",2016,365,333,31,0,1,0,0,156,50,37,0,0,365,0,0,0
"Texas","Polk",2016,346,341,5,0,0,0,0,77,44,32,0,0,346,0,0,0
"Texas","Potter",2016,366,362,4,0,0,0,0,65,34,21,0,0,0,18,348,0
"Texas","Randall",2016,346,303,42,1,0,0,0,112,54,41,0,0,346,0,0,0
"Texas","Robertson",2016,73,73,0,0,0,0,0,20,4,1,0,0,0,73,0,0
"Texas","Rockwall",2016,360,331,29,0,0,0,0,77,49,35,0,0,360,0,0,0
"Texas","Smith",2016,366,344,21,1,0,0,0,101,48,37,0,5,361,0,0,0
"Texas","Tarrant",2016,366,273,85,7,1,0,0,174,66,43,0,20,221,0,125,0
"Texas","Titus",2016,24,24,0,0,0,0,0,14,6,0,0,0,0,24,0,0
"Texas","Travis",2016,366,280,85,1,0,0,0,105,60,42,0,15,219,0,131,1
"Texas","Victoria",2016,348,328,20,0,0,0,0,90,47,33,0,0,348,0,0,0
"Texas","Webb",2016,366,285,81,0,0,0,0,96,60,37,0,0,109,0,256,1
"Utah","Box Elder",2016,366,285,77,4,0,0,0,120,67,39,0,0,297,0,69,0
"Utah","Cache",2016,366,282,76,8,0,0,0,129,66,44,0,2,238,0,123,3
"Utah","Carbon",2016,312,230,82,0,0,0,0,93,67,44,0,19,293,0,0,0
"Utah","Davis",2016,366,265,87,14,0,0,0,143,74,44,0,18,260,0,88,0
"Utah","Duchesne",2016,366,275,83,5,3,0,0,177,64,45,0,1,336,0,29,0
"Utah","Garfield",2016,43,43,0,0,0,0,0,19,13,4,0,0,0,0,43,0
"Utah","Salt Lake",2016,366,207,132,23,4,0,0,156,87,48,0,25,258,0,79,4
"Utah","San Juan",2016,364,309,55,0,0,0,0,93,54,44,0,0,364,0,0,0
"Utah","Tooele",2016,366,279,80,6,1,0,0,166,67,43,0,0,275,0,91,0
"Utah","Uintah",2016,366,252,103,4,5,2,0,216,74,47,0,1,347,0,18,0
"Utah","Utah",2016,366,223,124,17,2,0,0,166,87,47,0,55,227,0,80,4
"Utah","Washington",2016,366,286,80,0,0,0,0,87,61,43,0,1,352,0,13,0
"Utah","Wayne",2016,50,50,0,0,0,0,0,18,13,5,0,0,0,0,50,0
"Utah","Weber",2016,366,232,114,20,0,0,0,143,83,47,1,42,249,0,71,3
"Vermont","Bennington",2016,366,343,22,1,0,0,0,112,48,36,0,0,321,0,45,0
"Vermont","Chittenden",2016,366,349,17,0,0,0,0,80,45,35,0,0,302,0,64,0
"Vermont","Rutland",2016,366,320,46,0,0,0,0,87,54,35,0,9,230,0,127,0
"Vermont","Windham",2016,48,47,1,0,0,0,0,53,18,8,0,0,0,0,48,0
"Virgin Islands","St John",2016,47,45,2,0,0,0,0,65,45,21,0,0,0,0,47,0
"Virginia","Albemarle",2016,366,322,43,1,0,0,0,122,52,36,0,0,175,0,191,0
"Virginia","Alexandria City",2016,177,171,5,1,0,0,0,103,38,12,27,50,0,0,0,100
"Virginia","Arlington",2016,366,299,60,7,0,0,0,133,66,36,1,119,203,0,43,0
"Virginia","Bristol City",2016,119,106,12,1,0,0,0,106,51,30,0,0,0,0,119,0
"Virginia","Caroline",2016,182,160,21,1,0,0,0,112,51,36,0,0,182,0,0,0
"Virginia","Carroll",2016,61,61,0,0,0,0,0,30,19,11,0,0,0,0,0,61
"Virginia","Charles",2016,364,341,22,1,0,0,0,112,48,31,0,94,190,16,64,0
"Virginia","Chesterfield",2016,265,234,30,1,0,0,0,115,53,38,0,0,189,0,76,0
"Virginia","Fairfax",2016,366,284,76,6,0,0,0,129,64,39,0,32,156,0,178,0
"Virginia","Fauquier",2016,213,197,16,0,0,0,0,93,49,35,0,0,213,0,0,0
"Virginia","Frederick",2016,358,302,56,0,0,0,0,90,55,37,0,0,175,0,183,0
"Virginia","Fredericksburg City",2016,59,59,0,0,0,0,0,20,18,11,0,0,0,0,0,59
"Virginia","Giles",2016,341,312,28,1,0,0,0,115,50,39,0,0,341,0,0,0
"Virginia","Hampton City",2016,362,330,30,2,0,0,0,133,49,33,0,8,183,8,163,0
"Virginia","Hanover",2016,207,174,31,2,0,0,0,105,58,39,0,0,207,0,0,0
"Virginia","Henrico",2016,364,305,56,3,0,0,0,129,57,38,0,4,231,0,129,0
"Virginia","Hopewell City",2016,60,60,0,0,0,0,0,22,17,11,0,0,0,0,0,60
"Virginia","King William",2016,29,29,0,0,0,0,0,20,14,8,0,0,0,0,0,29
"Virginia","Loudoun",2016,366,318,47,1,0,0,0,112,58,34,0,116,200,0,50,0
"Virginia","Lynchburg City",2016,120,115,5,0,0,0,0,60,44,28,0,0,0,0,120,0
"Virginia","Madison",2016,361,324,36,1,0,0,0,108,51,41,0,0,338,0,23,0
"Virginia","Norfolk City",2016,362,357,5,0,0,0,0,59,34,18,1,258,0,1,100,2
"Virginia","Prince Edward",2016,345,331,13,1,0,0,0,105,46,33,0,0,345,0,0,0
"Virginia","Prince William",2016,366,323,40,3,0,0,0,112,51,31,0,153,213,0,0,0
"Virginia","Richmond City",2016,362,301,61,0,0,0,0,79,55,33,0,53,0,0,309,0
"Virginia","Roanoke",2016,365,318,47,0,0,0,0,100,52,36,0,29,166,0,170,0
"Virginia","Rockbridge",2016,244,231,13,0,0,0,0,90,46,34,0,0,210,0,34,0
"Virginia","Rockingham",2016,366,334,31,1,0,0,0,108,50,32,0,116,202,0,48,0
"Virginia","Salem City",2016,114,105,9,0,0,0,0,66,49,30,0,0,0,0,114,0
"Virginia","Stafford",2016,193,162,30,1,0,0,0,108,54,39,0,0,193,0,0,0
"Virginia","Suffolk City",2016,214,194,18,2,0,0,0,115,50,37,0,0,214,0,0,0
"Virginia","Virginia Beach City",2016,342,317,25,0,0,0,0,67,45,25,0,0,0,0,342,0
"Virginia","Winchester City",2016,59,59,0,0,0,0,0,25,16,10,0,0,0,0,0,59
"Virginia","Wythe",2016,208,191,17,0,0,0,0,100,50,41,0,0,208,0,0,0
"Washington","Adams",2016,346,345,1,0,0,0,0,52,25,14,0,0,0,0,346,0
"Washington","Asotin",2016,362,322,40,0,0,0,0,92,51,27,0,0,0,0,362,0
"Washington","Benton",2016,366,325,39,2,0,0,0,122,51,31,0,0,126,0,201,39
"Washington","Chelan",2016,366,330,36,0,0,0,0,79,50,22,0,0,0,0,366,0
"Washington","Clallam",2016,366,328,38,0,0,0,0,69,51,37,0,0,238,0,128,0
"Washington","Clark",2016,366,328,38,0,0,0,0,91,51,28,0,0,134,0,232,0
"Washington","Columbia",2016,334,330,4,0,0,0,0,55,30,15,0,0,0,0,334,0
"Washington","Cowlitz",2016,363,348,15,0,0,0,0,74,37,18,0,0,0,0,363,0
"Washington","Franklin",2016,332,324,8,0,0,0,0,78,26,14,0,0,0,0,332,0
"Washington","Grant",2016,361,350,11,0,0,0,0,62,34,18,0,0,0,0,361,0
"Washington","Grays Harbor",2016,364,355,9,0,0,0,0,71,37,21,0,0,0,0,364,0
"Washington","Jefferson",2016,348,344,4,0,0,0,0,60,29,18,0,0,0,0,348,0
"Washington","King",2016,366,311,55,0,0,0,0,100,56,39,0,86,113,0,167,0
"Washington","Kitsap",2016,357,356,1,0,0,0,0,55,26,16,0,0,0,0,357,0
"Washington","Kittitas",2016,366,310,50,6,0,0,0,143,58,19,0,0,0,0,366,0
"Washington","Klickitat",2016,51,51,0,0,0,0,0,40,25,15,0,0,0,0,51,0
"Washington","Lewis",2016,366,355,11,0,0,0,0,66,33,19,0,0,0,0,366,0
"Washington","Mason",2016,366,352,14,0,0,0,0,68,38,20,0,0,0,0,366,0
"Washington","Okanogan",2016,366,257,107,2,0,0,0,118,68,29,0,0,0,0,366,0
"Washington","Pierce",2016,366,313,52,0,1,0,0,155,54,40,0,13,246,0,107,0
"Washington","Skagit",2016,366,354,12,0,0,0,0,78,44,32,0,1,257,0,108,0
"Washington","Snohomish",2016,366,317,46,3,0,0,0,120,56,24,0,0,0,0,366,0
"Washington","Spokane",2016,366,305,61,0,0,0,0,79,54,37,1,0,128,0,233,4
"Washington","Stevens",2016,366,291,73,2,0,0,0,110,60,26,0,0,0,0,307,59
"Washington","Thurston",2016,349,328,21,0,0,0,0,90,44,27,0,0,134,0,215,0
"Washington","Walla Walla",2016,271,250,21,0,0,0,0,83,45,18,0,0,0,0,271,0
"Washington","Whatcom",2016,349,342,7,0,0,0,0,59,39,25,0,0,142,0,207,0
"Washington","Whitman",2016,366,359,7,0,0,0,0,84,33,17,0,0,0,0,366,0
"Washington","Yakima",2016,366,257,97,8,4,0,0,186,71,33,0,0,0,0,363,3
"West Virginia","Berkeley",2016,255,205,49,1,0,0,0,112,60,40,0,0,194,0,61,0
"West Virginia","Brooke",2016,366,324,39,3,0,0,0,112,52,20,0,0,0,130,112,124
"West Virginia","Cabell",2016,361,321,39,1,0,0,0,129,51,34,0,0,196,99,66,0
"West Virginia","Gilmer",2016,346,334,11,1,0,0,0,105,44,32,0,0,346,0,0,0
"West Virginia","Greenbrier",2016,207,189,18,0,0,0,0,100,49,39,0,0,207,0,0,0
"West Virginia","Hancock",2016,366,316,50,0,0,0,0,93,54,35,0,0,186,79,60,41
"West Virginia","Harrison",2016,117,110,7,0,0,0,0,62,48,31,0,0,0,0,117,0
"West Virginia","Kanawha",2016,350,295,53,2,0,0,0,119,55,37,31,0,158,23,138,0
"West Virginia","Marion",2016,95,86,9,0,0,0,0,61,50,33,0,0,0,0,95,0
"West Virginia","Marshall",2016,362,297,65,0,0,0,0,84,57,32,0,0,0,56,306,0
"West Virginia","Monongalia",2016,361,340,21,0,0,0,0,74,46,32,0,0,189,102,70,0
"West Virginia","Ohio",2016,261,195,63,3,0,0,0,108,58,43,0,0,202,0,59,0
"West Virginia","Tucker",2016,352,329,22,1,0,0,0,105,48,36,0,0,351,0,1,0
"West Virginia","Wood",2016,363,318,44,1,0,0,0,112,53,37,0,0,198,100,65,0
"Wisconsin","Ashland",2016,358,346,12,0,0,0,0,80,41,32,0,0,346,0,12,0
"Wisconsin","Brown",2016,366,313,50,3,0,0,0,112,54,33,0,0,151,0,215,0
"Wisconsin","Columbia",2016,199,176,20,3,0,0,0,108,58,38,0,0,199,0,0,0
"Wisconsin","Dane",2016,366,299,67,0,0,0,0,100,59,37,0,0,153,5,206,2
"Wisconsin","Dodge",2016,366,311,52,3,0,0,0,148,56,36,0,0,268,0,98,0
"Wisconsin","Door",2016,188,158,22,8,0,0,0,150,67,36,0,0,188,0,0,0
"Wisconsin","Eau Claire",2016,359,317,42,0,0,0,0,84,52,35,0,0,131,0,228,0
"Wisconsin","Fond du Lac",2016,189,165,21,3,0,0,0,108,58,38,0,0,189,0,0,0
"Wisconsin","Forest",2016,355,340,14,1,0,0,0,101,44,33,0,0,325,5,25,0
"Wisconsin","Grant",2016,281,251,30,0,0,0,0,78,52,29,0,0,0,0,281,0
"Wisconsin","Jefferson",2016,201,176,21,4,0,0,0,108,61,40,0,0,201,0,0,0
"Wisconsin","Kenosha",2016,362,275,72,13,2,0,0,161,65,39,0,0,205,0,157,0
"Wisconsin","Kewaunee",2016,188,162,21,5,0,0,0,136,71,37,0,0,188,0,0,0
"Wisconsin","La Crosse",2016,355,317,38,0,0,0,0,87,52,32,0,0,169,0,186,0
"Wisconsin","Manitowoc",2016,188,160,21,7,0,0,0,147,67,37,0,0,188,0,0,0
"Wisconsin","Marathon",2016,192,176,16,0,0,0,0,100,49,35,0,0,192,0,0,0
"Wisconsin","Milwaukee",2016,366,272,86,7,1,0,0,185,67,40,0,27,204,0,133,2
"Wisconsin","Oneida",2016,366,318,35,13,0,0,0,130,65,1,0,0,0,366,0,0
"Wisconsin","Outagamie",2016,349,300,47,2,0,0,0,108,55,33,0,0,172,0,177,0
"Wisconsin","Ozaukee",2016,355,294,52,8,1,0,0,172,59,35,0,0,193,0,162,0
"Wisconsin","Racine",2016,197,153,35,8,1,0,0,169,77,42,0,0,197,0,0,0
"Wisconsin","Rock",2016,187,159,23,5,0,0,0,119,61,39,0,0,187,0,0,0
"Wisconsin","Sauk",2016,366,328,37,1,0,0,0,101,51,32,0,0,181,0,181,4
"Wisconsin","Sheboygan",2016,203,166,25,10,2,0,0,164,67,39,0,0,203,0,0,0
"Wisconsin","Taylor",2016,360,333,27,0,0,0,0,84,47,34,0,0,315,0,45,0
"Wisconsin","Vilas",2016,205,193,12,0,0,0,0,77,44,32,0,0,180,0,25,0
"Wisconsin","Walworth",2016,188,161,22,5,0,0,0,115,61,38,0,0,188,0,0,0
"Wisconsin","Waukesha",2016,360,277,83,0,0,0,0,100,59,38,0,0,138,0,222,0
"Wyoming","Albany",2016,366,266,100,0,0,0,0,97,64,46,0,0,290,0,5,71
"Wyoming","Big Horn",2016,283,277,6,0,0,0,0,84,46,38,0,0,283,0,0,0
"Wyoming","Campbell",2016,366,262,103,1,0,0,0,141,62,43,0,0,224,0,20,122
"Wyoming","Carbon",2016,366,335,31,0,0,0,0,84,50,42,0,5,350,9,2,0
"Wyoming","Converse",2016,366,312,53,0,1,0,0,173,52,41,0,1,312,0,5,48
"Wyoming","Fremont",2016,366,305,61,0,0,0,0,84,58,44,0,0,335,0,31,0
"Wyoming","Goshen",2016,353,293,60,0,0,0,0,78,55,42,0,0,258,0,40,55
"Wyoming","Laramie",2016,366,315,51,0,0,0,0,87,54,43,0,4,338,2,22,0
"Wyoming","Lincoln",2016,366,363,3,0,0,0,0,69,33,13,0,0,0,0,0,366
"Wyoming","Natrona",2016,366,333,33,0,0,0,0,80,50,41,0,9,350,0,5,2
"Wyoming","Park",2016,121,118,3,0,0,0,0,85,24,12,0,0,0,0,102,19
"Wyoming","Platte",2016,57,50,7,0,0,0,0,66,52,16,0,0,0,0,0,57
"Wyoming","Sheridan",2016,366,333,32,1,0,0,0,110,50,38,0,0,296,0,37,33
"Wyoming","Sublette",2016,366,298,67,1,0,0,0,102,61,44,0,0,351,0,15,0
"Wyoming","Sweetwater",2016,366,303,63,0,0,0,0,100,58,44,0,0,322,3,5,36
"Wyoming","Teton",2016,366,331,35,0,0,0,0,99,50,41,0,0,350,0,15,1
"Wyoming","Uinta",2016,366,341,25,0,0,0,0,87,49,42,0,0,359,0,0,7
"Wyoming","Weston",2016,366,325,41,0,0,0,0,90,51,41,0,0,350,10,6,0
